Temperature,Pressure,Altitude,Day,Month,Year,Hour,Minute,Second,Latitude,Longitude,Operator Id,Message Counter,Step Counter,Flags,Position Estimation Inertial Magnetic X,Position Estimation Inertial Magnetic Y,Position Estimation Inertial X,Position Estimation Inertial Y,Position Estimation Inertial Z,Altitude Estimation Pressometer,Latitude Estimation GPS,Longitude Estimation GPS,GPS Estimation Quality,North Alignment Angle Inertial Path,Yaw Drift Inertial Path,CRC-CCITT,thesia_string
12.03,100727.88,49.83,7,2,2025,6,51,10,47.615094,-122.178455,0,0,0,0,0.0,0.0,0.0,0.0,0.0,0.0,0.0,0.0,0,0.0,0.0,0,000000000000000000000000000000000000000000000000000000000000000000000000
11.98,100727.83,49.83,7,2,2025,6,51,11,47.615089999999995,-122.178455,0,0,0,0,0.0,0.0,0.0,0.0,0.0,0.0,0.0,0.0,0,0.0,0.0,0,000000000000000000000000000000000000000000000000000000000000000000000000
11.93,100727.67,49.85,7,2,2025,6,51,12,47.615089,-122.178451,0,0,0,0,0.0,0.0,0.0,0.0,0.0,0.0,0.0,0.0,0,0.0,0.0,0,000000000000000000000000000000000000000000000000000000000000000000000000
11.88,100728.2,49.8,7,2,2025,6,51,13,47.615088,-122.17845399999999,0,0,0,0,0.0,0.0,0.0,0.0,0.0,0.0,0.0,0.0,0,0.0,0.0,0,000000000000000000000000000000000000000000000000000000000000000000000000
11.83,100729.2,49.72,7,2,2025,6,51,14,47.615089999999995,-122.17844799999999,0,0,0,0,0.0,0.0,0.0,0.0,0.0,0.0,0.0,0.0,0,0.0,0.0,0,000000000000000000000000000000000000000000000000000000000000000000000000
11.77,100729.92,49.66,7,2,2025,6,51,15,47.615089999999995,-122.17844099999999,0,0,0,0,0.0,0.0,0.0,0.0,0.0,0.0,0.0,0.0,0,0.0,0.0,0,000000000000000000000000000000000000000000000000000000000000000000000000
11.72,100730.23,49.63,7,2,2025,6,51,16,47.615091,-122.178435,89,0,0,25,0.0,0.0,0.0,0.0,0.0,1.3,0.0,0.0,0,0.0,0.0,41894,59000000000019000000000000000000000000000D00000000000000000000000000A3A6
11.69,100730.5,49.61,7,2,2025,6,51,17,47.614975,-122.17846,89,1,0,25,0.0,0.0,0.0,0.0,0.0,1.3,0.0,0.0,0,0.0,0.0,45146,59000100000019000000000000000000000000000D00000000000000000000000000B05A
11.63,100731.27,49.54,7,2,2025,6,51,18,47.615089999999995,-122.17842499999999,89,2,0,25,0.0,0.0,0.0,0.0,0.0,0.4,0.0,0.0,0,0.0,0.0,18360,5900020000001900000000000000000000000000040000000000000000000000000047B8
11.56,100731.45,49.53,7,2,2025,6,51,19,47.615086,-122.17841999999999,89,3,0,25,0.0,0.0,0.0,0.0,0.0,0.4,0.0,0.0,0,0.0,0.0,21572,590003000000190000000000000000000000000004000000000000000000000000005444
11.49,100732.2,49.47,7,2,2025,6,51,20,47.615080999999996,-122.17841,89,4,0,25,0.0,0.0,0.0,0.0,0.0,2.2,0.0,0.0,0,0.0,0.0,8680,5900040000001900000000000000000000000000160000000000000000000000000021E8
11.43,100732.23,49.46,7,2,2025,6,51,21,47.615078,-122.17840199999999,89,5,0,25,0.0,0.0,0.0,0.0,0.0,-3.9000000000000004,0.0,0.0,0,0.0,0.0,26101,59000500000019000000000000000000000000FFD90000000000000000000000000065F5
11.36,100732.02,49.48,7,2,2025,6,51,22,47.615071,-122.178401,89,6,1,25,-0.30000000000000004,-0.5,-0.30000000000000004,-0.5,-0.5,-3.0,0.0,0.0,0,0.0,0.0,38052,59000600010019FFFFDFFFFBFFFFDFFFFBFFFBFFE20000000000000000000000000094A4
11.28,100732.55,49.44,7,2,2025,6,51,23,47.615066,-122.17839,89,7,2,25,-0.6000000000000001,-1.8,-0.6000000000000001,-1.8,-1.0,-7.300000000000001,0.0,0.0,0,0.0,0.0,24983,59000700020019FFFFAFFFEEFFFFAFFFEEFFF6FFB7000000000000000000000000006197
11.21,100733.22,49.38,7,2,2025,6,51,24,47.615058999999995,-122.178372,89,8,2,25,-0.6000000000000001,-1.8,-0.6000000000000001,-1.8,-1.0,-8.1,0.0,0.0,0,0.0,0.0,16063,59000800020019FFFFAFFFEEFFFFAFFFEEFFF6FFAF000000000000000000000000003EBF
11.13,100733.0,49.4,7,2,2025,6,51,25,47.615052,-122.178365,89,9,3,25,-0.8,-2.9000000000000004,-0.8,-2.9000000000000004,-1.8,-6.4,0.0,0.0,0,0.0,0.0,55411,59000900030019FFFF8FFFE3FFFF8FFFE3FFEEFFC000000000000000000000000000D873
11.06,100733.2,49.38,7,2,2025,6,51,26,47.615044,-122.178349,89,10,4,25,-1.0,-3.8000000000000003,-1.0,-3.8000000000000003,-3.9000000000000004,-6.4,0.0,0.0,0,0.0,0.0,29558,59000A00040019FFFF6FFFDAFFFF6FFFDAFFD9FFC0000000000000000000000000007376
10.98,100733.28,49.38,7,2,2025,6,51,27,47.615033,-122.178332,89,11,5,25,-1.0,-4.800000000000001,-1.0,-4.800000000000001,-4.6000000000000005,-4.6000000000000005,0.0,0.0,0,0.0,0.0,34782,59000B00050019FFFF6FFFD0FFFF6FFFD0FFD2FFD20000000000000000000000000087DE
10.95,100733.16,49.39,7,2,2025,6,51,28,47.615024,-122.178328,89,12,5,25,-1.0,-4.800000000000001,-1.0,-4.800000000000001,-4.6000000000000005,-4.6000000000000005,0.0,0.0,0,0.0,0.0,37922,59000C00050019FFFF6FFFD0FFFF6FFFD0FFD2FFD2000000000000000000000000009422
10.87,100733.31,49.37,7,2,2025,6,51,29,47.61501,-122.178303,89,13,6,25,-0.2,-5.4,-0.2,-5.4,-4.6000000000000005,-1.1,0.0,0.0,0,0.0,0.0,10042,59000D00060019FFFFEFFFCAFFFFEFFFCAFFD2FFF500000000000000000000000000273A
10.81,100733.53,49.36,7,2,2025,6,51,30,47.614979999999996,-122.17825599999999,89,14,7,25,1.1,-5.6000000000000005,1.1,-5.6000000000000005,-4.800000000000001,-1.0,0.0,0.0,0,0.0,0.0,12965,59000E000700190000BFFFC80000BFFFC8FFD0FFF60000000000000000000000000032A5
10.74,100733.14,49.39,7,2,2025,6,51,31,47.614959,-122.178255,89,15,8,25,2.3000000000000003,-5.9,2.3000000000000003,-5.9,-4.1000000000000005,-1.0,0.0,0.0,0,0.0,0.0,20143,59000F0008001900017FFFC500017FFFC5FFD7FFF6000000000000000000000000004EAF
10.67,100733.09,49.39,7,2,2025,6,51,32,47.614947,-122.178238,89,16,9,25,3.5,-6.300000000000001,3.5,-6.300000000000001,-3.9000000000000004,-1.9000000000000001,0.0,0.0,0,0.0,0.0,2406,5900100009001900023FFFC100023FFFC1FFD9FFED000000000000000000000000000966
10.61,100732.51,49.44,7,2,2025,6,51,33,47.614933,-122.178243,89,17,9,25,3.5,-6.300000000000001,3.5,-6.300000000000001,-3.9000000000000004,-4.5,0.0,0.0,0,0.0,0.0,38874,5900110009001900023FFFC100023FFFC1FFD9FFD30000000000000000000000000097DA
10.55,100732.68,49.43,7,2,2025,6,51,34,47.614917999999996,-122.178254,89,18,10,25,4.800000000000001,-6.6000000000000005,4.800000000000001,-6.6000000000000005,-4.3,-4.5,0.0,0.0,0,0.0,0.0,11137,590012000A001900030FFFBE00030FFFBEFFD5FFD3000000000000000000000000002B81
10.48,100732.61,49.43,7,2,2025,6,51,35,47.614903,-122.178258,89,19,12,25,6.2,-7.0,6.2,-7.0,-5.800000000000001,-3.6,0.0,0.0,0,0.0,0.0,55329,590013000C00190003EFFFBA0003EFFFBAFFC6FFDC00000000000000000000000000D821
10.41,100732.84,49.41,7,2,2025,6,51,36,47.6149,-122.17826099999999,89,20,13,25,7.5,-7.300000000000001,7.5,-7.300000000000001,-6.4,-3.6,0.0,0.0,0,0.0,0.0,54843,590014000D00190004BFFFB70004BFFFB7FFC0FFDC00000000000000000000000000D63B
10.34,100733.28,49.38,7,2,2025,6,51,37,47.614895999999995,-122.178246,89,21,14,25,8.5,-8.1,8.5,-8.1,-6.9,-5.300000000000001,0.0,0.0,0,0.0,0.0,59616,590015000E001900055FFFAF00055FFFAFFFBBFFCB00000000000000000000000000E8E0
10.28,100732.69,49.43,7,2,2025,6,51,38,47.614892999999995,-122.178237,89,22,14,25,8.5,-8.1,8.5,-8.1,-6.9,-7.800000000000001,0.0,0.0,0,0.0,0.0,15254,590016000E001900055FFFAF00055FFFAFFFBBFFB2000000000000000000000000003B96
10.25,100732.77,49.42,7,2,2025,6,51,39,47.614889,-122.17822699999999,89,23,14,25,8.5,-8.1,8.5,-8.1,-6.9,-9.600000000000001,0.0,0.0,0,0.0,0.0,28442,590017000E001900055FFFAF00055FFFAFFFBBFFA0000000000000000000000000006F1A
10.18,100732.88,49.41,7,2,2025,6,51,40,47.614883,-122.178219,89,24,15,25,8.3,-10.5,8.3,-10.5,-7.6000000000000005,-7.9,0.0,0.0,0,0.0,0.0,45854,590018000F001900053FFF9700053FFF97FFB4FFB100000000000000000000000000B31E
10.12,100732.58,49.44,7,2,2025,6,51,41,47.614885,-122.17821099999999,89,25,16,25,8.0,-11.700000000000001,8.0,-11.700000000000001,-7.9,-13.0,0.0,0.0,0,0.0,0.0,55797,5900190010001900050FFF8B00050FFF8BFFB1FF7E00000000000000000000000000D9F5
10.06,100732.8,49.42,7,2,2025,6,51,42,47.614888,-122.17819899999999,89,26,17,25,7.5,-13.0,7.5,-13.0,-8.3,-15.600000000000001,0.0,0.0,0,0.0,0.0,60001,59001A001100190004BFFF7E0004BFFF7EFFADFF6400000000000000000000000000EA61
10.0,100732.98,49.4,7,2,2025,6,51,43,47.614883,-122.17819,89,27,18,25,7.1000000000000005,-14.200000000000001,7.1000000000000005,-14.200000000000001,-8.3,-6.9,0.0,0.0,0,0.0,0.0,4268,59001B0012001900047FFF7200047FFF72FFADFFBB0000000000000000000000000010AC
9.93,100733.25,49.38,7,2,2025,6,51,44,47.614881,-122.178181,89,28,18,25,7.1000000000000005,-14.200000000000001,7.1000000000000005,-14.200000000000001,-8.3,-6.800000000000001,0.0,0.0,0,0.0,0.0,5686,59001C0012001900047FFF7200047FFF72FFADFFBC000000000000000000000000001636
9.87,100733.39,49.37,7,2,2025,6,51,45,47.614878,-122.178162,89,29,19,25,-13.8,9.600000000000001,6.6000000000000005,-15.4,-8.8,-2.5,0.0,0.0,0,2.5843505859375,0.0,40005,59001D00130019FFF760006000042FFF66FFA8FFE700000000000000000052B300009C45
9.81,100733.34,49.37,7,2,2025,6,51,46,47.61488,-122.17815499999999,89,30,20,25,-14.200000000000001,10.9,6.300000000000001,-16.8,-9.200000000000001,-7.7,0.0,0.0,0,2.5843505859375,0.0,14228,59001E00140019FFF720006D0003FFFF58FFA4FFB300000000000000000052B300003794
9.75,100733.66,49.34,7,2,2025,6,51,47,47.614878999999995,-122.178156,89,31,21,25,-14.5,12.200000000000001,5.9,-18.0,-9.5,-7.7,0.0,0.0,0,2.5843505859375,0.0,56476,59001F00150019FFF6F0007A0003BFFF4CFFA1FFB300000000000000000052B30000DC9C
9.68,100734.09,49.31,7,2,2025,6,51,48,47.614881999999994,-122.17813799999999,89,32,22,25,-14.600000000000001,13.5,5.300000000000001,-19.200000000000003,-9.8,-9.4,0.0,0.0,0,2.5843505859375,0.0,10739,59002000160019FFF6E0008700035FFF40FF9EFFA200000000000000000052B3000029F3
9.63,100734.3,49.29,7,2,2025,6,51,49,47.614885,-122.17811599999999,89,33,23,25,-15.0,14.8,4.9,-20.5,-10.100000000000001,-11.100000000000001,0.0,0.0,0,2.5843505859375,0.0,29159,59002100170019FFF6A0009400031FFF33FF9BFF9100000000000000000052B3000071E7
9.6,100734.16,49.3,7,2,2025,6,51,50,47.614906,-122.17813299999999,89,34,23,25,-15.0,14.8,4.9,-20.5,-10.100000000000001,-11.100000000000001,0.0,0.0,0,2.5843505859375,0.0,17891,59002200170019FFF6A0009400031FFF33FF9BFF9100000000000000000052B3000045E3
9.55,100734.01,49.32,7,2,2025,6,51,51,47.61493,-122.17812699999999,89,35,24,25,-15.3,16.0,4.6000000000000005,-21.700000000000003,-10.5,-5.1000000000000005,0.0,0.0,0,2.5843505859375,0.0,51313,59002300180019FFF67000A00002EFFF27FF97FFCD00000000000000000052B30000C871
9.49,100733.94,49.32,7,2,2025,6,51,52,47.614945,-122.17812099999999,89,36,25,25,-15.700000000000001,17.3,4.2,-22.900000000000002,-10.9,-6.800000000000001,0.0,0.0,0,2.5843505859375,0.0,49934,59002400190019FFF63000AD0002AFFF1BFF93FFBC00000000000000000052B30000C30E
9.45,100734.2,49.3,7,2,2025,6,51,53,47.614945,-122.178141,89,37,26,25,-15.9,18.5,3.8000000000000003,-24.1,-11.3,-2.4000000000000004,0.0,0.0,0,2.5843505859375,0.0,21511,590025001A0019FFF61000B900026FFF0FFF8FFFE800000000000000000052B300005407
9.41,100734.02,49.31,7,2,2025,6,51,54,47.614945,-122.17814399999999,89,38,27,25,-16.0,19.8,3.2,-25.3,-11.3,-0.6000000000000001,0.0,0.0,0,2.5843505859375,0.0,11918,590026001B0019FFF60000C600020FFF03FF8FFFFA00000000000000000052B300002E8E
9.37,100734.17,49.3,7,2,2025,6,51,55,47.614951999999995,-122.178148,89,39,27,25,-16.0,19.8,3.2,-25.3,-11.3,-0.7000000000000001,0.0,0.0,0,2.5843505859375,0.0,21924,590027001B0019FFF60000C600020FFF03FF8FFFF900000000000000000052B3000055A4
9.33,100734.98,49.23,7,2,2025,6,51,56,47.614962,-122.178145,89,40,28,25,-16.3,21.1,2.6,-26.5,-11.4,-0.6000000000000001,0.0,0.0,0,2.5843505859375,0.0,28405,590028001C0019FFF5D000D30001AFFEF7FF8EFFFA00000000000000000052B300006EF5
9.31,100735.09,49.23,7,2,2025,6,51,57,47.614962999999996,-122.17813299999999,89,41,30,25,-16.5,22.3,2.2,-27.700000000000003,-11.4,-0.6000000000000001,0.0,0.0,0,2.5843505859375,0.0,61587,590029001E0019FFF5B000DF00016FFEEBFF8EFFFA00000000000000000052B30000F093
9.29,100735.08,49.23,7,2,2025,6,51,58,47.614968,-122.17812199999999,89,42,31,25,-16.5,22.3,2.2,-27.700000000000003,-11.4,-4.0,0.0,0.0,0,2.5843505859375,0.0,27535,59002A001F0019FFF5B000DF00016FFEEBFF8EFFD800000000000000000052B300006B8F
9.27,100735.61,49.18,7,2,2025,6,51,59,47.614973,-122.178124,89,43,32,25,-16.5,22.3,2.2,-27.700000000000003,-11.4,-4.1000000000000005,0.0,0.0,0,2.5843505859375,0.0,17354,59002B00200019FFF5B000DF00016FFEEBFF8EFFD700000000000000000052B3000043CA
9.25,100735.34,49.19,7,2,2025,6,52,0,47.614984,-122.178147,89,44,34,25,-16.5,22.3,2.2,-27.700000000000003,-11.4,-4.9,0.0,0.0,0,2.5843505859375,0.0,9159,59002C00220019FFF5B000DF00016FFEEBFF8EFFCF00000000000000000052B3000023C7
9.22,100735.77,49.17,7,2,2025,6,52,1,47.614982999999995,-122.17814,89,45,34,25,-16.5,22.3,2.2,-27.700000000000003,-11.4,-4.9,0.0,0.0,0,2.5843505859375,0.0,22579,59002D00220019FFF5B000DF00016FFEEBFF8EFFCF00000000000000000052B300005833
9.21,100736.2,49.13,7,2,2025,6,52,2,47.61499,-122.17814999999999,89,46,34,25,-16.5,22.3,2.2,-27.700000000000003,-11.4,-3.2,0.0,0.0,0,2.5843505859375,0.0,11269,59002E00220019FFF5B000DF00016FFEEBFF8EFFE000000000000000000052B300002C05
9.18,100735.91,49.16,7,2,2025,6,52,3,47.614993,-122.178173,89,47,35,25,-16.7,22.400000000000002,2.3000000000000003,-27.900000000000002,-11.600000000000001,-5.800000000000001,0.0,0.0,0,2.5843505859375,0.0,41496,59002F00230019FFF59000E000017FFEE9FF8CFFC600000000000000000052B30000A218
9.16,100735.72,49.17,7,2,2025,6,52,4,47.614998,-122.178173,89,48,35,25,-16.7,22.400000000000002,2.3000000000000003,-27.900000000000002,-11.600000000000001,-4.0,0.0,0.0,0,2.5843505859375,0.0,61549,59003000230019FFF59000E000017FFEE9FF8CFFD800000000000000000052B30000F06D
9.14,100735.59,49.18,7,2,2025,6,52,5,47.614996,-122.17818199999999,89,49,38,25,-16.5,22.1,2.3000000000000003,-27.5,-11.5,-5.7,0.0,0.0,0,2.5843505859375,0.0,60421,59003100260019FFF5B000DD00017FFEEDFF8DFFC700000000000000000052B30000EC05
9.12,100735.48,49.19,7,2,2025,6,52,6,47.615004,-122.178193,89,50,39,25,-18.1,-19.200000000000003,2.6,-26.3,-12.3,-5.7,0.0,0.0,0,0.85595703125,0.0,16372,59003200270019FFF4BFFF400001AFFEF9FF85FFC70000000000000000001B6400003FF4
9.09,100735.17,49.22,7,2,2025,6,52,7,47.615016999999995,-122.178214,89,51,40,25,-16.900000000000002,-18.8,3.1,-25.1,-13.0,-5.7,0.0,0.0,0,0.85595703125,0.0,17310,59003300280019FFF57FFF440001FFFF05FF7EFFC70000000000000000001B640000439E
9.06,100735.31,49.21,7,2,2025,6,52,8,47.615023,-122.178242,89,52,41,25,-16.900000000000002,-18.8,3.1,-25.1,-13.0,-9.200000000000001,0.0,0.0,0,0.85595703125,0.0,60342,59003400290019FFF57FFF440001FFFF05FF7EFFA40000000000000000001B640000EBB6
9.04,100735.77,49.17,7,2,2025,6,52,9,47.615004,-122.17831899999999,89,53,42,25,-15.8,-18.3,3.5,-23.900000000000002,-13.600000000000001,-10.0,0.0,0.0,0,0.85595703125,0.0,43770,590035002A0019FFF62FFF4900023FFF11FF78FF9C0000000000000000001B640000AAFA
9.01,100736.19,49.13,7,2,2025,6,52,10,47.615006,-122.17834599999999,89,54,43,25,-14.5,-18.0,4.0,-22.8,-13.9,-7.5,0.0,0.0,0,0.85595703125,0.0,49162,590036002B0019FFF6FFFF4C00028FFF1CFF75FFB50000000000000000001B640000C00A
8.99,100736.64,49.1,7,2,2025,6,52,11,47.615023,-122.178388,89,55,44,25,-13.3,-17.6,4.6000000000000005,-21.6,-14.100000000000001,-6.6000000000000005,0.0,0.0,0,0.85595703125,0.0,20722,590037002C0019FFF7BFFF500002EFFF28FF73FFBE0000000000000000001B64000050F2
8.97,100736.98,49.07,7,2,2025,6,52,12,47.615038999999996,-122.17849199999999,89,56,45,25,-12.100000000000001,-17.1,5.0,-20.400000000000002,-14.100000000000001,-4.800000000000001,0.0,0.0,0,0.85595703125,0.0,35955,590038002D0019FFF87FFF5500032FFF34FF73FFD00000000000000000001B6400008C73
8.93,100736.73,49.09,7,2,2025,6,52,13,47.615047999999994,-122.17846399999999,89,57,45,25,-12.100000000000001,-17.1,5.0,-20.400000000000002,-14.100000000000001,-5.7,0.0,0.0,0,0.85595703125,0.0,2641,590039002D0019FFF87FFF5500032FFF34FF73FFC70000000000000000001B6400000A51
8.91,100736.96,49.07,7,2,2025,6,52,14,47.615051,-122.17844799999999,89,58,46,25,-10.9,-16.5,5.300000000000001,-19.1,-14.5,-10.9,0.0,0.0,0,0.85595703125,0.0,31423,59003A002E0019FFF93FFF5B00035FFF41FF6FFF930000000000000000001B6400007ABF
8.88,100736.7,49.09,7,2,2025,6,52,15,47.615051,-122.17839599999999,89,59,47,25,-9.700000000000001,-16.0,5.7,-17.8,-14.700000000000001,-5.7,0.0,0.0,0,0.85595703125,0.0,42914,59003B002F0019FFF9FFFF6000039FFF4EFF6DFFC70000000000000000001B640000A7A2
8.85,100736.74,49.09,7,2,2025,6,52,16,47.615047,-122.178339,89,60,48,25,-8.6,-15.4,6.0,-16.6,-14.700000000000001,-3.9000000000000004,0.0,0.0,0,0.85595703125,0.0,51590,59003C00300019FFFAAFFF660003CFFF5AFF6DFFD90000000000000000001B640000C986
8.84,100736.55,49.1,7,2,2025,6,52,17,47.615052,-122.178326,89,61,49,25,-7.4,-14.9,6.4,-15.3,-15.0,-3.0,0.0,0.0,0,0.85595703125,0.0,58552,59003D00310019FFFB6FFF6B00040FFF67FF6AFFE20000000000000000001B640000E4B8
8.81,100736.75,49.09,7,2,2025,6,52,18,47.615057,-122.178328,89,62,49,25,-7.4,-14.9,6.4,-15.3,-15.0,-3.9000000000000004,0.0,0.0,0,0.85595703125,0.0,18250,59003E00310019FFFB6FFF6B00040FFF67FF6AFFD90000000000000000001B640000474A
8.79,100737.04,49.06,7,2,2025,6,52,19,47.615047999999994,-122.178337,89,63,50,25,-6.2,-14.3,6.7,-14.100000000000001,-14.9,-3.0,0.0,0.0,0,0.85595703125,0.0,15110,59003F00320019FFFC2FFF7100043FFF73FF6BFFE20000000000000000001B6400003B06
8.76,100737.62,49.01,7,2,2025,6,52,20,47.615029,-122.17831799999999,89,64,51,25,-4.9,-13.9,7.300000000000001,-12.8,-15.3,3.1,0.0,0.0,0,0.85595703125,0.0,49867,59004000330019FFFCFFFF7500049FFF80FF67001F0000000000000000001B640000C2CB
8.74,100737.63,49.01,7,2,2025,6,52,21,47.614984,-122.17837499999999,89,65,52,25,-3.6,-13.4,7.800000000000001,-11.600000000000001,-15.9,-2.1,0.0,0.0,0,0.85595703125,0.0,14878,59004100340019FFFDCFFF7A0004EFFF8CFF61FFEB0000000000000000001B6400003A1E
8.72,100737.76,49.0,7,2,2025,6,52,22,47.614951999999995,-122.178415,89,66,53,25,-2.4000000000000004,-12.9,8.200000000000001,-10.3,-16.0,-5.5,0.0,0.0,0,0.85595703125,0.0,30506,59004200350019FFFE8FFF7F00052FFF99FF60FFC90000000000000000001B640000772A
8.68,100737.98,48.98,7,2,2025,6,52,23,47.614925,-122.178427,89,67,54,25,-1.2000000000000002,-12.4,8.5,-9.0,-16.2,-3.8000000000000003,0.0,0.0,0,0.85595703125,0.0,45219,59004300360019FFFF4FFF8400055FFFA6FF5EFFDA0000000000000000001B640000B0A3
8.66,100738.22,48.96,7,2,2025,6,52,24,47.614914,-122.178398,89,68,54,25,-1.2000000000000002,-12.4,8.5,-9.0,-16.2,-0.4,0.0,0.0,0,0.85595703125,0.0,43187,59004400360019FFFF4FFF8400055FFFA6FF5EFFFC0000000000000000001B640000A8B3
8.63,100738.44,48.95,7,2,2025,6,52,25,47.614917,-122.178398,89,69,55,25,-0.5,-11.4,8.3,-7.800000000000001,-16.400000000000002,-2.1,0.0,0.0,0,0.85595703125,0.0,13714,59004500370019FFFFBFFF8E00053FFFB2FF5CFFEB0000000000000000001B6400003592
8.59,100737.93,48.99,7,2,2025,6,52,26,47.614928,-122.17838599999999,89,70,56,25,-0.5,-10.200000000000001,7.4,-7.1000000000000005,-16.3,-2.1,0.0,0.0,0,0.85595703125,0.0,33831,59004600380019FFFFBFFF9A0004AFFFB9FF5DFFEB0000000000000000001B6400008427
8.56,100738.16,48.97,7,2,2025,6,52,27,47.614934999999996,-122.17833999999999,89,71,57,25,-1.1,-9.200000000000001,6.2,-6.800000000000001,-16.3,0.5,0.0,0.0,0,0.85595703125,0.0,31315,59004700390019FFFF5FFFA40003EFFFBCFF5D00050000000000000000001B6400007A53
8.53,100738.05,48.98,7,2,2025,6,52,28,47.614937999999995,-122.17828499999999,89,72,59,25,-0.2,8.200000000000001,5.0,-6.5,-15.700000000000001,-4.6000000000000005,0.0,0.0,0,-2.5069580078125,0.0,28831,590048003B0019FFFFE0005200032FFFBFFF63FFD2000000000000000000AFC70000709F
8.5,100738.11,48.97,7,2,2025,6,52,29,47.614943,-122.17823,89,73,60,25,0.8,7.300000000000001,3.7,-6.4,-15.4,-1.2000000000000002,0.0,0.0,0,-2.5069580078125,0.0,28714,590049003C0019000080004900025FFFC0FF66FFF4000000000000000000AFC70000702A
8.47,100737.72,49.01,7,2,2025,6,52,30,47.614945999999996,-122.178219,89,74,61,25,0.8,7.300000000000001,3.7,-6.4,-15.4,-3.8000000000000003,0.0,0.0,0,-2.5069580078125,0.0,41124,59004A003D0019000080004900025FFFC0FF66FFDA000000000000000000AFC70000A0A4
8.46,100737.77,49.0,7,2,2025,6,52,31,47.614945,-122.17820999999999,89,75,62,25,1.9000000000000001,6.6000000000000005,2.4000000000000004,-6.5,-15.700000000000001,-4.6000000000000005,0.0,0.0,0,-2.5069580078125,0.0,48659,59004B003E0019000130004200018FFFBFFF63FFD2000000000000000000AFC70000BE13
8.45,100737.73,49.0,7,2,2025,6,52,32,47.614942,-122.17820599999999,89,76,63,25,3.2,6.800000000000001,1.5,-7.4,-18.0,-2.1,0.0,0.0,0,-2.5069580078125,0.0,44361,59004C003F001900020000440000FFFFB6FF4CFFEB000000000000000000AFC70000AD49
8.45,100737.83,49.0,7,2,2025,6,52,33,47.614943,-122.17820999999999,89,77,63,25,3.2,6.800000000000001,1.5,-7.4,-18.0,-2.9000000000000004,0.0,0.0,0,-2.5069580078125,0.0,61,59004D003F001900020000440000FFFFB6FF4CFFE3000000000000000000AFC70000003D
8.43,100737.9,48.99,7,2,2025,6,52,34,47.614942,-122.178209,89,78,64,25,3.9000000000000004,7.5,1.3,-8.4,-18.5,-4.6000000000000005,0.0,0.0,0,-2.5069580078125,0.0,23283,59004E00400019000270004B0000DFFFACFF47FFD2000000000000000000AFC700005AF3
8.43,100737.48,49.03,7,2,2025,6,52,35,47.614940999999995,-122.178192,89,79,65,25,4.2,7.800000000000001,1.2000000000000002,-8.8,-18.6,-2.1,0.0,0.0,0,-2.5069580078125,0.0,13538,59004F004100190002A0004E0000CFFFA8FF46FFEB000000000000000000AFC7000034E2
8.42,100737.79,49.0,7,2,2025,6,52,36,47.614944,-122.178197,89,80,65,25,4.2,7.800000000000001,1.2000000000000002,-8.8,-18.6,-4.6000000000000005,0.0,0.0,0,-2.5069580078125,0.0,43629,590050004100190002A0004E0000CFFFA8FF46FFD2000000000000000000AFC70000AA6D
8.42,100737.84,49.0,7,2,2025,6,52,37,47.614944,-122.178193,89,81,65,25,4.2,7.800000000000001,1.2000000000000002,-8.8,-18.6,-4.6000000000000005,0.0,0.0,0,-2.5069580078125,0.0,47505,590051004100190002A0004E0000CFFFA8FF46FFD2000000000000000000AFC70000B991
8.42,100737.56,49.02,7,2,2025,6,52,38,47.614942,-122.178186,89,82,65,25,4.2,7.800000000000001,1.2000000000000002,-8.8,-18.6,-1.2000000000000002,0.0,0.0,0,-2.5069580078125,0.0,48105,590052004100190002A0004E0000CFFFA8FF46FFF4000000000000000000AFC70000BBE9
8.42,100737.89,48.99,7,2,2025,6,52,39,47.614940999999995,-122.17819,89,83,65,25,4.2,7.800000000000001,1.2000000000000002,-8.8,-18.6,-9.0,0.0,0.0,0,-2.5069580078125,0.0,32053,590053004100190002A0004E0000CFFFA8FF46FFA6000000000000000000AFC700007D35
8.42,100738.05,48.98,7,2,2025,6,52,40,47.61494,-122.178192,89,84,65,25,4.2,7.800000000000001,1.2000000000000002,-8.8,-18.6,-10.700000000000001,0.0,0.0,0,-2.5069580078125,0.0,709,590054004100190002A0004E0000CFFFA8FF46FF95000000000000000000AFC7000002C5
8.42,100738.0,48.98,7,2,2025,6,52,41,47.614936,-122.178215,89,85,65,25,4.2,7.800000000000001,1.2000000000000002,-8.8,-18.6,-3.8000000000000003,0.0,0.0,0,-2.5069580078125,0.0,2605,590055004100190002A0004E0000CFFFA8FF46FFDA000000000000000000AFC700000A2D
8.42,100738.55,48.94,7,2,2025,6,52,42,47.614933,-122.17823,89,86,65,25,4.2,7.800000000000001,1.2000000000000002,-8.8,-18.6,-5.5,0.0,0.0,0,-2.5069580078125,0.0,43283,590056004100190002A0004E0000CFFFA8FF46FFC9000000000000000000AFC70000A913
8.43,100738.47,48.94,7,2,2025,6,52,43,47.614931,-122.17825599999999,89,87,65,25,4.2,7.800000000000001,1.2000000000000002,-8.8,-18.6,-7.2,0.0,0.0,0,-2.5069580078125,0.0,35613,590057004100190002A0004E0000CFFFA8FF46FFB8000000000000000000AFC700008B1D
8.43,100738.47,48.94,7,2,2025,6,52,44,47.61493,-122.178271,89,88,65,25,4.2,7.800000000000001,1.2000000000000002,-8.8,-18.6,-10.700000000000001,0.0,0.0,0,-2.5069580078125,0.0,53973,590058004100190002A0004E0000CFFFA8FF46FF95000000000000000000AFC70000D2D5
8.42,100738.27,48.96,7,2,2025,6,52,45,47.614934999999996,-122.17828999999999,89,89,65,25,4.2,7.800000000000001,1.2000000000000002,-8.8,-18.6,-10.700000000000001,0.0,0.0,0,-2.5069580078125,0.0,49449,590059004100190002A0004E0000CFFFA8FF46FF95000000000000000000AFC70000C129
8.42,100738.05,48.98,7,2,2025,6,52,46,47.614945999999996,-122.178292,89,90,66,25,4.2,7.800000000000001,1.2000000000000002,-8.8,-18.6,-9.0,0.0,0.0,0,-2.5069580078125,0.0,27305,59005A004200190002A0004E0000CFFFA8FF46FFA6000000000000000000AFC700006AA9
8.39,100737.72,49.01,7,2,2025,6,52,47,47.614953,-122.178291,89,91,67,25,4.2,7.800000000000001,1.2000000000000002,-8.8,-18.6,-9.8,0.0,0.0,0,-2.5069580078125,0.0,15377,59005B004300190002A0004E0000CFFFA8FF46FF9E000000000000000000AFC700003C11
8.39,100737.62,49.01,7,2,2025,6,52,48,47.614964,-122.17828899999999,89,92,68,25,4.5,7.0,0.5,-8.3,-18.7,-9.0,0.0,0.0,0,-2.5069580078125,0.0,22298,59005C004400190002D0004600005FFFADFF45FFA6000000000000000000AFC70000571A
8.37,100738.05,48.98,7,2,2025,6,52,49,47.614987,-122.178299,89,93,69,25,4.3,5.800000000000001,0.0,-7.2,-18.8,-8.1,0.0,0.0,0,-2.5069580078125,0.0,58772,59005D004500190002B0003A00000FFFB8FF44FFAF000000000000000000AFC70000E594
8.34,100738.3,48.96,7,2,2025,6,52,50,47.614999,-122.17830699999999,89,94,69,25,4.3,5.800000000000001,0.0,-7.2,-18.8,-7.2,0.0,0.0,0,-2.5069580078125,0.0,35926,59005E004500190002B0003A00000FFFB8FF44FFB8000000000000000000AFC700008C56
8.32,100738.91,48.91,7,2,2025,6,52,51,47.61501,-122.17830099999999,89,95,70,25,4.800000000000001,4.7,-1.1,-6.6000000000000005,-18.8,-10.700000000000001,0.0,0.0,0,-2.5069580078125,0.0,38092,59005F00460019000300002FFFFF5FFFBEFF44FF95000000000000000000AFC7000094CC
8.29,100738.86,48.91,7,2,2025,6,52,52,47.615026,-122.178299,89,96,71,25,5.4,3.5,-2.3000000000000003,-6.1000000000000005,-19.0,-9.0,0.0,0.0,0,-2.5069580078125,0.0,41018,590060004700190003600023FFFE9FFFC3FF42FFA6000000000000000000AFC70000A03A
8.26,100739.12,48.89,7,2,2025,6,52,53,47.615035,-122.178316,89,97,72,25,6.0,2.3000000000000003,-3.5,-5.4,-19.3,-7.2,0.0,0.0,0,-2.5069580078125,0.0,36784,590061004800190003C00017FFFDDFFFCAFF3FFFB8000000000000000000AFC700008FB0
8.24,100739.5,48.86,7,2,2025,6,52,54,47.615047,-122.178326,89,98,73,25,6.800000000000001,1.3,-4.7,-5.1000000000000005,-19.6,-5.4,0.0,0.0,0,-2.5069580078125,0.0,21708,59006200490019000440000DFFFD1FFFCDFF3CFFCA000000000000000000AFC7000054CC
8.21,100739.77,48.83,7,2,2025,6,52,55,47.615057,-122.17832899999999,89,99,74,25,7.7,0.4,-6.0,-4.9,-20.1,-3.7,0.0,0.0,0,-2.5069580078125,0.0,52913,590063004A00190004D00004FFFC4FFFCFFF37FFDB000000000000000000AFC70000CEB1
8.17,100739.61,48.85,7,2,2025,6,52,56,47.615068,-122.17833499999999,89,100,75,25,8.3,-0.7000000000000001,-7.1000000000000005,-4.3,-20.5,-7.2,0.0,0.0,0,-2.5069580078125,0.0,13857,590064004B001900053FFFF9FFFB9FFFD5FF33FFB8000000000000000000AFC700003621
8.14,100739.33,48.87,7,2,2025,6,52,57,47.615072,-122.17835799999999,89,101,75,25,8.3,-0.7000000000000001,-7.1000000000000005,-4.3,-20.5,-9.8,0.0,0.0,0,-2.5069580078125,0.0,23527,590065004B001900053FFFF9FFFB9FFFD5FF33FF9E000000000000000000AFC700005BE7
8.1,100739.52,48.86,7,2,2025,6,52,58,47.615072999999995,-122.17837399999999,89,102,76,25,9.1,-1.8,-8.4,-3.9000000000000004,-20.700000000000003,-10.700000000000001,0.0,0.0,0,-2.5069580078125,0.0,46857,590066004C00190005BFFFEEFFFACFFFD9FF31FF95000000000000000000AFC70000B709
8.07,100740.0,48.81,7,2,2025,6,52,59,47.615077,-122.178372,89,103,77,25,9.9,-2.7,-9.600000000000001,-3.7,-21.1,-10.700000000000001,0.0,0.0,0,-2.5069580078125,0.0,16617,590067004D001900063FFFE5FFFA0FFFDBFF2DFF95000000000000000000AFC7000040E9
8.03,100739.81,48.83,7,2,2025,6,53,0,47.615078999999994,-122.17837,89,104,78,25,10.9,-3.5,-10.8,-3.6,-21.5,-8.1,0.0,0.0,0,-2.5069580078125,0.0,53302,590068004E00190006DFFFDDFFF94FFFDCFF29FFAF000000000000000000AFC70000D036
7.98,100740.48,48.77,7,2,2025,6,53,1,47.615078999999994,-122.17836899999999,89,105,79,25,12.600000000000001,0.9,-12.100000000000001,-3.9000000000000004,-21.700000000000003,-9.0,0.0,0.0,0,-2.9002685546875,0.0,49854,590069004F00190007E00009FFF87FFFD9FF27FFA6000000000000000000A3310000C2BE
7.94,100740.79,48.75,7,2,2025,6,53,2,47.615082,-122.178365,89,106,80,25,13.700000000000001,1.4000000000000001,-13.0,-4.7,-22.1,-12.4,0.0,0.0,0,-2.9002685546875,0.0,34039,59006A00500019000890000EFFF7EFFFD1FF23FF84000000000000000000A331000084F7
7.89,100741.34,48.7,7,2,2025,6,53,3,47.615083,-122.17835799999999,89,107,81,25,14.700000000000001,2.3000000000000003,-13.700000000000001,-5.7,-22.1,-6.4,0.0,0.0,0,-2.9002685546875,0.0,23741,59006B005100190009300017FFF77FFFC7FF23FFC0000000000000000000A33100005CBD
7.87,100741.46,48.69,7,2,2025,6,53,4,47.615085,-122.17835,89,108,82,25,14.700000000000001,2.3000000000000003,-13.700000000000001,-5.7,-22.1,-8.1,0.0,0.0,0,-2.9002685546875,0.0,17688,59006C005200190009300017FFF77FFFC7FF23FFAF000000000000000000A33100004518
7.82,100742.23,48.63,7,2,2025,6,53,5,47.615094,-122.17834099999999,89,109,83,25,15.5,3.3000000000000003,-14.3,-6.9,-22.1,-7.2,0.0,0.0,0,-2.9002685546875,0.0,47462,59006D005300190009B00021FFF71FFFBBFF23FFB8000000000000000000A3310000B966
7.77,100742.51,48.61,7,2,2025,6,53,6,47.615119,-122.17832299999999,89,110,84,25,16.2,4.5,-14.600000000000001,-8.200000000000001,-22.400000000000002,-9.0,0.0,0.0,0,-2.9002685546875,0.0,27228,59006E00540019000A20002DFFF6EFFFAEFF20FFA6000000000000000000A33100006A5C
7.71,100742.59,48.6,7,2,2025,6,53,7,47.615128,-122.17830199999999,89,111,85,25,17.0,5.6000000000000005,-15.100000000000001,-9.5,-22.700000000000003,-12.4,0.0,0.0,0,-2.9002685546875,0.0,15769,59006F00550019000AA00038FFF69FFFA1FF1DFF84000000000000000000A33100003D99
7.66,100742.95,48.57,7,2,2025,6,53,8,47.615125,-122.17830699999999,89,112,86,25,17.5,6.800000000000001,-15.3,-10.8,-23.200000000000003,-9.0,0.0,0.0,0,-2.9002685546875,0.0,59140,59007000560019000AF00044FFF67FFF94FF18FFA6000000000000000000A3310000E704
7.61,100742.87,48.57,7,2,2025,6,53,9,47.61512,-122.17830699999999,89,113,87,25,17.900000000000002,8.0,-15.5,-12.0,-23.3,-10.700000000000001,0.0,0.0,0,-2.9002685546875,0.0,17454,59007100570019000B300050FFF65FFF88FF17FF95000000000000000000A3310000442E
7.57,100743.09,48.56,7,2,2025,6,53,10,47.615119,-122.178308,89,114,88,25,18.5,9.1,-15.8,-13.3,-23.400000000000002,-9.0,0.0,0.0,0,-2.9002685546875,0.0,40883,59007200580019000B90005BFFF62FFF7BFF16FFA6000000000000000000A33100009FB3
7.53,100743.38,48.53,7,2,2025,6,53,11,47.615119,-122.17831699999999,89,115,88,25,18.5,9.1,-15.8,-13.3,-23.400000000000002,-8.1,0.0,0.0,0,-2.9002685546875,0.0,20393,59007300580019000B90005BFFF62FFF7BFF16FFAF000000000000000000A33100004FA9
7.5,100743.42,48.53,7,2,2025,6,53,12,47.615111999999996,-122.17832999999999,89,116,89,25,19.200000000000003,10.200000000000001,-16.2,-14.5,-23.6,-9.0,0.0,0.0,0,-2.9002685546875,0.0,16247,59007400590019000C000066FFF5EFFF6FFF14FFA6000000000000000000A33100003F77
7.48,100744.14,48.47,7,2,2025,6,53,13,47.615097,-122.17831899999999,89,117,90,25,20.1,11.200000000000001,-16.8,-15.600000000000001,-24.1,-9.9,0.0,0.0,0,-2.9002685546875,0.0,4759,590075005A0019000C900070FFF58FFF64FF0FFF9D000000000000000000A33100001297
7.46,100744.08,48.47,7,2,2025,6,53,14,47.615097,-122.17831899999999,89,118,91,25,20.700000000000003,12.100000000000001,-17.2,-16.7,-24.5,-10.700000000000001,0.0,0.0,0,-2.9002685546875,0.0,31746,590076005B0019000CF00079FFF54FFF59FF0BFF95000000000000000000A33100007C02
7.45,100744.27,48.46,7,2,2025,6,53,15,47.615085,-122.17825699999999,89,119,92,25,21.200000000000003,12.3,-17.6,-17.0,-24.6,-11.600000000000001,0.0,0.0,0,-2.9002685546875,0.0,31799,590077005C0019000D40007BFFF50FFF56FF0AFF8C000000000000000000A33100007C37
7.43,100744.63,48.43,7,2,2025,6,53,16,47.615094,-122.17824999999999,89,120,92,25,21.200000000000003,12.3,-17.6,-17.0,-24.6,-12.5,0.0,0.0,0,-2.9002685546875,0.0,23493,590078005C0019000D40007BFFF50FFF56FF0AFF83000000000000000000A33100005BC5
7.42,100743.98,48.48,7,2,2025,6,53,17,47.615083,-122.178258,89,121,92,25,21.200000000000003,12.3,-17.6,-17.0,-24.6,-16.900000000000002,0.0,0.0,0,-2.9002685546875,0.0,40932,590079005C0019000D40007BFFF50FFF56FF0AFF57000000000000000000A33100009FE4
7.41,100743.62,48.51,7,2,2025,6,53,18,47.615075999999995,-122.17826199999999,89,122,92,25,21.200000000000003,12.3,-17.6,-17.0,-24.6,-9.0,0.0,0.0,0,-2.9002685546875,0.0,18362,59007A005C0019000D40007BFFF50FFF56FF0AFFA6000000000000000000A331000047BA
7.4,100743.97,48.48,7,2,2025,6,53,19,47.615063,-122.17827199999999,89,123,92,25,21.200000000000003,12.3,-17.6,-17.0,-24.6,-5.5,0.0,0.0,0,-2.9002685546875,0.0,64404,59007B005C0019000D40007BFFF50FFF56FF0AFFC9000000000000000000A3310000FB94
7.39,100743.98,48.48,7,2,2025,6,53,20,47.615064,-122.17826799999999,89,124,92,25,21.200000000000003,12.3,-17.6,-17.0,-24.6,-6.4,0.0,0.0,0,-2.9002685546875,0.0,22078,59007C005C0019000D40007BFFF50FFF56FF0AFFC0000000000000000000A3310000563E
7.39,100743.82,48.49,7,2,2025,6,53,22,47.615044,-122.17827899999999,89,125,92,25,21.200000000000003,12.3,-17.6,-17.0,-24.6,-8.200000000000001,0.0,0.0,0,-2.9002685546875,0.0,59386,59007D005C0019000D40007BFFF50FFF56FF0AFFAE000000000000000000A3310000E7FA
7.38,100744.01,48.48,7,2,2025,6,53,22,47.615044,-122.17827899999999,89,126,92,25,21.200000000000003,12.3,-17.6,-17.0,-24.6,-5.6000000000000005,0.0,0.0,0,-2.9002685546875,0.0,38150,59007E005C0019000D40007BFFF50FFF56FF0AFFC8000000000000000000A33100009506
7.37,100744.17,48.47,7,2,2025,6,53,23,47.615038999999996,-122.17828399999999,89,127,92,25,21.200000000000003,12.3,-17.6,-17.0,-24.6,-5.6000000000000005,0.0,0.0,0,-2.9002685546875,0.0,41218,59007F005C0019000D40007BFFF50FFF56FF0AFFC8000000000000000000A3310000A102
7.35,100744.38,48.45,7,2,2025,6,53,24,47.615038,-122.17828999999999,89,128,92,25,21.200000000000003,12.3,-17.6,-17.0,-24.6,-8.200000000000001,0.0,0.0,0,-2.9002685546875,0.0,52743,590080005C0019000D40007BFFF50FFF56FF0AFFAE000000000000000000A3310000CE07
7.34,100744.45,48.44,7,2,2025,6,53,25,47.615029,-122.17830199999999,89,129,92,25,21.200000000000003,12.3,-17.6,-17.0,-24.6,-11.700000000000001,0.0,0.0,0,-2.9002685546875,0.0,43251,590081005C0019000D40007BFFF50FFF56FF0AFF8B000000000000000000A3310000A8F3
7.31,100744.71,48.42,7,2,2025,6,53,27,47.615024999999996,-122.178293,89,130,93,25,21.200000000000003,11.200000000000001,-17.900000000000002,-15.9,-24.6,-7.4,0.0,0.0,0,-2.9002685546875,0.0,7921,590082005D0019000D400070FFF4DFFF61FF0AFFB6000000000000000000A33100001EF1
7.3,100745.27,48.37,7,2,2025,6,53,27,47.615024999999996,-122.178293,89,131,94,25,20.3,10.100000000000001,-17.3,-14.700000000000001,-24.6,-6.5,0.0,0.0,0,-2.9002685546875,0.0,57693,590083005E0019000CB00065FFF53FFF6DFF0AFFBF000000000000000000A3310000E15D
7.28,100745.18,48.38,7,2,2025,6,53,28,47.615007999999996,-122.178291,89,132,94,25,20.3,10.100000000000001,-17.3,-14.700000000000001,-24.6,-3.8000000000000003,0.0,0.0,0,-2.9002685546875,0.0,11235,590084005E0019000CB00065FFF53FFF6DFF0AFFDA000000000000000000A33100002BE3
7.25,100744.72,48.42,7,2,2025,6,53,29,47.614985,-122.17828399999999,89,133,96,25,19.5,9.0,-16.8,-13.4,-24.900000000000002,-8.200000000000001,0.0,0.0,0,-2.9002685546875,0.0,59120,59008500600019000C30005AFFF58FFF7AFF07FFAE000000000000000000A3310000E6F0
7.23,100744.94,48.4,7,2,2025,6,53,30,47.615021999999996,-122.178288,89,134,97,25,18.900000000000002,7.9,-16.5,-12.200000000000001,-25.3,-8.200000000000001,0.0,0.0,0,-2.9002685546875,0.0,21834,59008600610019000BD0004FFFF5BFFF86FF03FFAE000000000000000000A3310000554A
7.21,100745.73,48.33,7,2,2025,6,53,32,47.615016,-122.178297,89,135,98,25,18.2,6.800000000000001,-16.0,-10.9,-25.900000000000002,-5.6000000000000005,0.0,0.0,0,-2.9002685546875,0.0,29046,59008700620019000B600044FFF60FFF93FEFDFFC8000000000000000000A33100007176
7.18,100745.94,48.32,7,2,2025,6,53,32,47.615016,-122.178297,89,136,99,25,18.3,2.5,-15.8,-9.700000000000001,-26.1,-3.9000000000000004,0.0,0.0,0,-2.723388671875,0.0,1319,59008800630019000B700019FFF62FFF9FFEFBFFD9000000000000000000A8DA00000527
7.15,100746.15,48.3,7,2,2025,6,53,33,47.615013,-122.178292,89,137,100,25,17.5,1.5,-15.4,-8.5,-26.3,-5.7,0.0,0.0,0,-2.723388671875,0.0,27199,59008900640019000AF0000FFFF66FFFABFEF9FFC7000000000000000000A8DA00006A3F
7.12,100746.69,48.26,7,2,2025,6,53,34,47.615016999999995,-122.178299,89,138,100,25,17.5,1.5,-15.4,-8.5,-26.3,-2.1,0.0,0.0,0,-2.723388671875,0.0,25112,59008A00640019000AF0000FFFF66FFFABFEF9FFEB000000000000000000A8DA00006218
7.1,100746.78,48.25,7,2,2025,6,53,35,47.615024,-122.178303,89,139,101,25,16.7,0.6000000000000001,-15.0,-7.300000000000001,-26.400000000000002,-5.6000000000000005,0.0,0.0,0,-2.723388671875,0.0,51581,59008B00650019000A700006FFF6AFFFB7FEF8FFC8000000000000000000A8DA0000C97D
7.09,100746.69,48.26,7,2,2025,6,53,36,47.615035,-122.17831199999999,89,140,102,25,16.1,-0.5,-14.9,-6.1000000000000005,-26.400000000000002,-4.800000000000001,0.0,0.0,0,-2.723388671875,0.0,54081,59008C00660019000A1FFFFBFFF6BFFFC3FEF8FFD0000000000000000000A8DA0000D341
7.06,100746.73,48.25,7,2,2025,6,53,37,47.615041999999995,-122.17832299999999,89,141,103,25,15.8,-1.5,-15.0,-5.1000000000000005,-26.8,-6.5,0.0,0.0,0,-2.723388671875,0.0,16819,59008D006700190009EFFFF1FFF6AFFFCDFEF4FFBF000000000000000000A8DA000041B3
7.03,100746.12,48.3,7,2,2025,6,53,38,47.615064,-122.178337,89,142,103,25,15.8,-1.5,-15.0,-5.1000000000000005,-26.8,-5.7,0.0,0.0,0,-2.723388671875,0.0,41051,59008E006700190009EFFFF1FFF6AFFFCDFEF4FFC7000000000000000000A8DA0000A05B
7.01,100746.27,48.29,7,2,2025,6,53,39,47.615072999999995,-122.17835,89,143,104,25,16.400000000000002,-2.3000000000000003,-15.9,-4.5,-27.0,-3.9000000000000004,0.0,0.0,0,-2.723388671875,0.0,33624,59008F00680019000A4FFFE9FFF61FFFD3FEF2FFD9000000000000000000A8DA00008358
6.99,100746.24,48.29,7,2,2025,6,53,40,47.615091,-122.17836199999999,89,144,105,25,17.5,-2.8000000000000003,-17.1,-4.5,-27.200000000000003,-10.9,0.0,0.0,0,-2.723388671875,0.0,55765,59009000690019000AFFFFE4FFF55FFFD3FEF0FF93000000000000000000A8DA0000D9D5
6.96,100746.07,48.31,7,2,2025,6,53,41,47.615091,-122.178367,89,145,106,25,18.5,-3.4000000000000004,-18.3,-4.4,-27.8,-9.200000000000001,0.0,0.0,0,-2.723388671875,0.0,20810,590091006A0019000B9FFFDEFFF49FFFD4FEEAFFA4000000000000000000A8DA0000514A
6.93,100746.61,48.26,7,2,2025,6,53,42,47.615089999999995,-122.178377,89,146,106,25,18.5,-3.4000000000000004,-18.3,-4.4,-27.8,-7.5,0.0,0.0,0,-2.723388671875,0.0,7572,590092006A0019000B9FFFDEFFF49FFFD4FEEAFFB5000000000000000000A8DA00001D94
6.9,100746.81,48.24,7,2,2025,6,53,43,47.615092,-122.178387,89,147,107,25,19.400000000000002,-4.3,-19.5,-4.0,-28.1,-4.9,0.0,0.0,0,-2.723388671875,0.0,57377,590093006B0019000C2FFFD5FFF3DFFFD8FEE7FFCF000000000000000000A8DA0000E021
6.88,100746.69,48.26,7,2,2025,6,53,44,47.615085,-122.178404,89,148,108,25,19.1,-5.5,-19.6,-2.7,-28.6,-4.0,0.0,0.0,0,-2.723388671875,0.0,24719,590094006C0019000BFFFFC9FFF3CFFFE5FEE2FFD8000000000000000000A8DA0000608F
6.85,100746.84,48.24,7,2,2025,6,53,45,47.615078999999994,-122.17841,89,149,109,25,18.2,-6.4,-19.200000000000003,-1.6,-28.5,-4.800000000000001,0.0,0.0,0,-2.723388671875,0.0,5646,590095006D0019000B6FFFC0FFF40FFFF0FEE3FFD0000000000000000000A8DA0000160E
6.82,100746.72,48.25,7,2,2025,6,53,46,47.615072,-122.17841899999999,89,150,110,25,16.900000000000002,-6.1000000000000005,-17.900000000000002,-1.3,-28.6,-3.2,0.0,0.0,0,-2.723388671875,0.0,28876,590096006E0019000A9FFFC3FFF4DFFFF3FEE2FFE0000000000000000000A8DA000070CC
6.8,100746.73,48.25,7,2,2025,6,53,47,47.615064,-122.17842399999999,89,151,110,25,16.900000000000002,-6.1000000000000005,-17.900000000000002,-1.3,-28.6,-6.6000000000000005,0.0,0.0,0,-2.723388671875,0.0,8132,590097006E0019000A9FFFC3FFF4DFFFF3FEE2FFBE000000000000000000A8DA00001FC4
6.77,100746.48,48.27,7,2,2025,6,53,48,47.615066,-122.178428,89,152,111,25,15.8,-5.4,-16.7,-1.4000000000000001,-28.900000000000002,-9.200000000000001,0.0,0.0,0,-2.723388671875,0.0,28967,590098006F00190009EFFFCAFFF59FFFF2FEDFFFA4000000000000000000A8DA00007127
6.74,100746.82,48.24,7,2,2025,6,53,49,47.615058999999995,-122.17841999999999,89,153,112,25,14.8,-4.800000000000001,-15.5,-1.7000000000000002,-29.3,-5.7,0.0,0.0,0,-2.723388671875,0.0,36364,5900990070001900094FFFD0FFF65FFFEFFEDBFFC7000000000000000000A8DA00008E0C
6.71,100746.54,48.27,7,2,2025,6,53,50,47.615052,-122.17840899999999,89,154,113,25,13.9,-4.1000000000000005,-14.3,-1.9000000000000001,-29.700000000000003,-5.7,0.0,0.0,0,-2.723388671875,0.0,35425,59009A007100190008BFFFD7FFF71FFFEDFED7FFC7000000000000000000A8DA00008A61
6.68,100746.94,48.23,7,2,2025,6,53,51,47.61504,-122.178405,89,155,113,25,13.9,-4.1000000000000005,-14.3,-1.9000000000000001,-29.700000000000003,-2.3000000000000003,0.0,0.0,0,-2.723388671875,0.0,45433,59009B007100190008BFFFD7FFF71FFFEDFED7FFE9000000000000000000A8DA0000B179
6.66,100746.71,48.25,7,2,2025,6,53,52,47.615032,-122.17840199999999,89,156,114,25,13.100000000000001,-3.2,-13.200000000000001,-2.4000000000000004,-29.8,-5.7,0.0,0.0,0,-2.723388671875,0.0,61071,59009C0072001900083FFFE0FFF7CFFFE8FED6FFC7000000000000000000A8DA0000EE8F
6.63,100746.3,48.29,7,2,2025,6,53,53,47.615024,-122.178401,89,157,115,25,12.100000000000001,-2.5,-12.100000000000001,-2.6,-29.8,-4.0,0.0,0.0,0,-2.723388671875,0.0,1525,59009D0073001900079FFFE7FFF87FFFE6FED6FFD8000000000000000000A8DA000005F5
6.61,100746.48,48.27,7,2,2025,6,53,54,47.615016,-122.178406,89,158,116,25,11.200000000000001,-1.6,-10.9,-3.1,-29.900000000000002,-4.0,0.0,0.0,0,-2.723388671875,0.0,44372,59009E0074001900070FFFF0FFF93FFFE1FED5FFD8000000000000000000A8DA0000AD54
6.58,100746.47,48.27,7,2,2025,6,53,55,47.615004,-122.178411,89,159,117,25,10.3,-0.8,-9.700000000000001,-3.5,-30.200000000000003,-5.7,0.0,0.0,0,-2.723388671875,0.0,35885,59009F0075001900067FFFF8FFF9FFFFDDFED2FFC7000000000000000000A8DA00008C2D
6.57,100746.66,48.07,7,2,2025,6,53,56,47.614975,-122.178404,89,160,117,25,10.3,-0.8,-9.700000000000001,-3.5,-30.200000000000003,-4.0,0.0,0.0,0,-2.723388671875,0.0,2201,5900A00075001900067FFFF8FFF9FFFFDDFED2FFD8000000000000000000A8DA00000899
6.54,100746.62,48.26,7,2,2025,6,53,57,47.614961,-122.178405,89,161,118,25,9.3,-0.1,-8.5,-3.7,-30.5,-4.9,0.0,0.0,0,-2.723388671875,0.0,65218,5900A1007600190005DFFFFFFFFABFFFDBFECFFFCF000000000000000000A8DA0000FEC2
6.51,100746.33,48.29,7,2,2025,6,53,58,47.61495,-122.178401,89,162,119,25,8.3,1.1,-7.300000000000001,-4.1000000000000005,-30.400000000000002,-6.6000000000000005,0.0,0.0,0,-2.770751953125,0.0,21207,5900A200770019000530000BFFFB7FFFD7FED0FFBE000000000000000000A756000052D7
6.48,100746.59,48.26,7,2,2025,6,53,59,47.614943,-122.178393,89,163,120,25,7.2,1.9000000000000001,-6.0,-4.3,-30.5,-6.6000000000000005,0.0,0.0,0,-2.770751953125,0.0,50044,5900A3007800190004800013FFFC4FFFD5FECFFFBE000000000000000000A7560000C37C
6.46,100746.94,48.23,7,2,2025,6,54,0,47.61494,-122.17838599999999,89,164,121,25,6.300000000000001,2.9000000000000004,-4.9,-5.0,-30.400000000000002,-8.4,0.0,0.0,0,-2.770751953125,0.0,38263,5900A4007900190003F0001DFFFCFFFFCEFED0FFAC000000000000000000A75600009577
6.44,100746.38,48.28,7,2,2025,6,54,1,47.614937999999995,-122.178382,89,165,122,25,5.9,4.1000000000000005,-4.0,-6.0,-30.8,-11.0,0.0,0.0,0,-2.770751953125,0.0,45079,5900A5007A00190003B00029FFFD8FFFC4FECCFF92000000000000000000A7560000B017
6.44,100746.8,48.25,7,2,2025,6,54,2,47.61493,-122.178382,89,166,122,25,5.9,4.1000000000000005,-4.0,-6.0,-30.8,-5.800000000000001,0.0,0.0,0,-2.770751953125,0.0,41741,5900A6007A00190003B00029FFFD8FFFC4FECCFFC6000000000000000000A7560000A30D
6.44,100746.84,48.24,7,2,2025,6,54,3,47.614923999999995,-122.178388,89,167,123,25,6.300000000000001,5.4,-4.0,-7.300000000000001,-30.8,-8.4,0.0,0.0,0,-2.770751953125,0.0,10568,5900A7007B00190003F00036FFFD8FFFB7FECCFFAC000000000000000000A75600002948
6.44,100746.95,48.23,7,2,2025,6,54,4,47.614926,-122.17840199999999,89,168,124,25,7.2,6.300000000000001,-4.4,-8.5,-31.3,-4.1000000000000005,0.0,0.0,0,-2.770751953125,0.0,29417,5900A8007C0019000480003FFFFD4FFFABFEC7FFD7000000000000000000A756000072E9
6.44,100746.58,48.26,7,2,2025,6,54,5,47.614926999999994,-122.178422,89,169,124,25,7.2,6.300000000000001,-4.4,-8.5,-31.3,-2.3000000000000003,0.0,0.0,0,-2.770751953125,0.0,37349,5900A9007C0019000480003FFFFD4FFFABFEC7FFE9000000000000000000A756000091E5
6.45,100746.94,48.23,7,2,2025,6,54,6,47.614920999999995,-122.17845899999999,89,170,125,25,7.2,6.4,-4.4,-8.5,-31.200000000000003,-4.1000000000000005,0.0,0.0,0,-2.770751953125,0.0,43119,5900AA007D00190004800040FFFD4FFFABFEC8FFD7000000000000000000A7560000A86F
6.46,100747.31,48.2,7,2,2025,6,54,7,47.614914,-122.178468,89,171,125,25,7.2,6.4,-4.4,-8.5,-31.200000000000003,-7.6000000000000005,0.0,0.0,0,-2.770751953125,0.0,30905,5900AB007D00190004800040FFFD4FFFABFEC8FFB4000000000000000000A756000078B9
6.47,100747.08,48.22,7,2,2025,6,54,8,47.614909,-122.17849199999999,89,172,125,29,7.2,6.4,-4.4,-8.5,-31.200000000000003,-7.6000000000000005,0.0,0.0,0,-2.770751953125,0.0,43634,5900AC007D001D0004800040FFFD4FFFABFEC8FFB4000000000000000000A7560000AA72
6.48,100747.25,48.21,7,2,2025,6,54,9,47.614917999999996,-122.178463,89,173,125,29,7.2,6.4,-4.4,-8.5,-31.200000000000003,-5.800000000000001,0.0,0.0,0,-2.770751953125,0.0,57310,5900AD007D001D0004800040FFFD4FFFABFEC8FFC6000000000000000000A7560000DFDE
6.5,100746.84,48.24,7,2,2025,6,54,10,47.61492,-122.178461,89,174,125,29,7.2,6.4,-4.4,-8.5,-31.200000000000003,-3.2,0.0,0.0,0,-2.770751953125,0.0,26638,5900AE007D001D0004800040FFFD4FFFABFEC8FFE0000000000000000000A7560000680E
6.53,100747.06,48.22,7,2,2025,6,54,12,47.614908,-122.17845899999999,89,175,127,25,7.2,6.4,-4.4,-8.5,-31.200000000000003,-5.9,0.0,0.0,0,-2.770751953125,0.0,23590,5900AF007F00190004800040FFFD4FFFABFEC8FFC5000000000000000000A75600005C26
6.57,100747.72,48.17,7,2,2025,6,54,12,47.614908,-122.17845899999999,89,176,130,25,7.2,6.4,-4.4,-8.5,-31.200000000000003,-4.2,0.0,0.0,0,-2.770751953125,0.0,35173,5900B0008200190004800040FFFD4FFFABFEC8FFD6000000000000000000A75600008965
6.63,100747.11,48.22,7,2,2025,6,54,14,47.614900999999996,-122.178445,89,177,130,25,7.2,6.4,-4.4,-8.5,-31.200000000000003,-1.5,0.0,0.0,0,-2.770751953125,0.0,47491,5900B1008200190004800040FFFD4FFFABFEC8FFF1000000000000000000A7560000B983
6.67,100746.97,48.23,7,2,2025,6,54,14,47.614900999999996,-122.178445,89,178,130,25,7.2,6.4,-4.4,-8.5,-31.200000000000003,-8.5,0.0,0.0,0,-2.770751953125,0.0,36391,5900B2008200190004800040FFFD4FFFABFEC8FFAB000000000000000000A75600008E27
6.79,100745.34,48.37,7,2,2025,6,54,16,47.614900999999996,-122.178445,89,179,131,25,7.300000000000001,7.5,-4.1000000000000005,-9.700000000000001,-31.700000000000003,-10.3,0.0,0.0,0,-2.770751953125,0.0,20396,5900B300830019000490004BFFFD7FFF9FFEC3FF99000000000000000000A75600004FAC
6.83,100745.23,48.38,7,2,2025,6,54,17,47.614900999999996,-122.178445,89,180,132,25,8.0,8.4,-4.4,-10.700000000000001,-32.1,-9.4,0.0,0.0,0,-2.770751953125,0.0,44017,5900B4008400190005000054FFFD4FFF95FEBFFFA2000000000000000000A7560000ABF1
6.9,100743.81,48.5,7,2,2025,6,54,18,47.614900999999996,-122.178445,89,181,133,25,9.0,9.0,-5.1000000000000005,-11.700000000000001,-32.4,-9.4,0.0,0.0,0,-2.770751953125,0.0,15665,5900B5008500190005A0005AFFFCDFFF8BFEBCFFA2000000000000000000A75600003D31
6.99,100742.58,48.6,7,2,2025,6,54,18,47.614900999999996,-122.178445,89,182,134,25,9.0,9.0,-5.1000000000000005,-11.700000000000001,-32.4,-11.100000000000001,0.0,0.0,0,-2.770751953125,0.0,62194,5900B6008600190005A0005AFFFCDFFF8BFEBCFF91000000000000000000A7560000F2F2
7.1,100741.85,48.66,7,2,2025,6,54,20,47.614900999999996,-122.178445,89,183,136,25,9.8,9.8,-5.6000000000000005,-12.700000000000001,-32.5,-12.9,0.0,0.0,0,-2.770751953125,0.0,58317,5900B7008800190006200062FFFC8FFF81FEBBFF7F000000000000000000A7560000E3CD
7.23,100740.55,48.77,7,2,2025,6,54,21,47.614900999999996,-122.178445,89,184,139,25,8.8,10.700000000000001,-5.6000000000000005,-12.700000000000001,-32.5,-11.100000000000001,0.0,0.0,0,-2.8702392578125,0.0,34243,5900B8008B0019000580006BFFFC8FFF81FEBBFF91000000000000000000A427000085C3
7.37,100739.52,48.86,7,2,2025,6,54,21,47.614900999999996,-122.178445,89,185,140,25,8.5,10.9,-5.300000000000001,-12.700000000000001,-32.6,-11.100000000000001,0.0,0.0,0,-2.8702392578125,0.0,23465,5900B9008C0019000550006DFFFCBFFF81FEBAFF91000000000000000000A42700005BA9
7.53,100739.62,48.85,7,2,2025,6,54,21,47.614900999999996,-122.178445,89,186,140,25,8.5,10.9,-5.300000000000001,-12.700000000000001,-32.6,-17.2,0.0,0.0,0,-2.8702392578125,0.0,60865,5900BA008C0019000550006DFFFCBFFF81FEBAFF54000000000000000000A4270000EDC1
7.68,100739.27,48.88,7,2,2025,6,54,21,47.614900999999996,-122.178445,89,187,141,25,8.1,12.100000000000001,-4.5,-13.8,-32.800000000000004,-15.5,0.0,0.0,0,-2.8702392578125,0.0,22496,5900BB008D00190005100079FFFD3FFF76FEB8FF65000000000000000000A427000057E0
7.83,100738.8,48.92,7,2,2025,6,54,21,47.614900999999996,-122.178445,89,188,142,25,8.700000000000001,13.3,-4.800000000000001,-15.200000000000001,-33.1,-10.3,0.0,0.0,0,-2.8702392578125,0.0,33720,5900BC008E00190005700085FFFD0FFF68FEB5FF99000000000000000000A427000083B8
7.91,100738.7,48.92,7,2,2025,6,54,25,47.614900999999996,-122.178445,89,189,143,25,9.3,14.4,-5.1000000000000005,-16.400000000000002,-33.4,-13.8,0.0,0.0,0,-2.8702392578125,0.0,7823,5900BD008F00190005D00090FFFCDFFF5CFEB2FF76000000000000000000A42700001E8F
8.07,100738.68,48.92,7,2,2025,6,54,26,47.614900999999996,-122.178445,89,190,145,25,10.0,15.5,-5.5,-17.7,-33.7,-11.100000000000001,0.0,0.0,0,-2.8702392578125,0.0,62689,5900BE00910019000640009BFFFC9FFF4FFEAFFF91000000000000000000A4270000F4E1
8.22,100737.89,48.99,7,2,2025,6,54,26,47.614900999999996,-122.178445,89,191,145,25,10.0,15.5,-5.5,-17.7,-33.7,-12.9,0.0,0.0,0,-2.8702392578125,0.0,34504,5900BF00910019000640009BFFFC9FFF4FFEAFFF7F000000000000000000A427000086C8
8.39,100737.62,49.01,7,2,2025,6,54,28,47.614900999999996,-122.178445,89,192,146,25,10.5,16.6,-5.6000000000000005,-18.8,-34.0,-12.0,0.0,0.0,0,-2.8702392578125,0.0,44496,5900C00092001900069000A6FFFC8FFF44FEACFF88000000000000000000A4270000ADD0
8.53,100737.23,49.05,7,2,2025,6,54,29,47.614900999999996,-122.178445,89,193,147,25,11.100000000000001,17.6,-6.0,-19.900000000000002,-34.4,-9.4,0.0,0.0,0,-2.8702392578125,0.0,59044,5900C1009300190006F000B0FFFC4FFF39FEA8FFA2000000000000000000A4270000E6A4
8.68,100737.19,49.05,7,2,2025,6,54,30,47.614900999999996,-122.178445,89,194,148,25,11.9,18.400000000000002,-6.5,-20.900000000000002,-34.5,-8.5,0.0,0.0,0,-2.8702392578125,0.0,56114,5900C20094001900077000B8FFFBFFFF2FFEA7FFAB000000000000000000A4270000DB32
8.82,100736.53,49.1,7,2,2025,6,54,31,47.614900999999996,-122.178445,89,195,148,25,11.9,18.400000000000002,-6.5,-20.900000000000002,-34.5,-9.4,0.0,0.0,0,-2.8702392578125,0.0,2856,5900C30094001900077000B8FFFBFFFF2FFEA7FFA2000000000000000000A42700000B28
8.95,100736.25,49.13,7,2,2025,6,54,32,47.614900999999996,-122.178445,89,196,149,25,12.600000000000001,19.1,-7.0,-21.8,-34.7,-8.5,0.0,0.0,0,-2.8702392578125,0.0,47622,5900C4009500190007E000BFFFFBAFFF26FEA5FFAB000000000000000000A4270000BA06
9.09,100736.15,49.14,7,2,2025,6,54,33,47.614900999999996,-122.178445,89,197,152,25,12.600000000000001,19.1,-7.0,-21.8,-34.7,-8.5,0.0,0.0,0,-2.8702392578125,0.0,50123,5900C5009800190007E000BFFFFBAFFF26FEA5FFAB000000000000000000A4270000C3CB
9.22,100736.23,49.13,7,2,2025,6,54,34,47.614900999999996,-122.178445,89,198,152,25,12.600000000000001,19.1,-7.0,-21.8,-34.7,-16.400000000000002,0.0,0.0,0,-2.8702392578125,0.0,32726,5900C6009800190007E000BFFFFBAFFF26FEA5FF5C000000000000000000A42700007FD6
9.31,100736.23,49.13,7,2,2025,6,54,35,47.614900999999996,-122.178445,89,199,152,25,12.600000000000001,19.1,-7.0,-21.8,-34.7,-15.5,0.0,0.0,0,-2.8702392578125,0.0,48420,5900C7009800190007E000BFFFFBAFFF26FEA5FF65000000000000000000A4270000BD24
9.46,100736.25,49.13,7,2,2025,6,54,36,47.614900999999996,-122.178445,89,200,152,25,12.600000000000001,19.1,-7.0,-21.8,-34.7,-12.0,0.0,0.0,0,-2.8702392578125,0.0,23815,5900C8009800190007E000BFFFFBAFFF26FEA5FF88000000000000000000A42700005D07
9.6,100735.93,49.15,7,2,2025,6,54,37,47.614900999999996,-122.178445,89,201,153,25,12.5,19.5,-6.800000000000001,-22.1,-34.9,-13.8,0.0,0.0,0,-2.8702392578125,0.0,611,5900C9009900190007D000C3FFFBCFFF23FEA3FF76000000000000000000A42700000263
9.75,100735.95,49.15,7,2,2025,6,54,38,47.614900999999996,-122.178445,89,202,153,25,12.5,19.5,-6.800000000000001,-22.1,-34.9,-14.700000000000001,0.0,0.0,0,-2.8702392578125,0.0,40858,5900CA009900190007D000C3FFFBCFFF23FEA3FF6D000000000000000000A42700009F9A
9.88,100735.62,49.18,7,2,2025,6,54,39,47.614900999999996,-122.178445,89,203,154,25,12.0,18.8,-6.6000000000000005,-21.3,-34.9,-12.9,0.0,0.0,0,-2.8702392578125,0.0,22060,5900CB009A001900078000BCFFFBEFFF2BFEA3FF7F000000000000000000A4270000562C
10.03,100735.23,49.21,7,2,2025,6,54,40,47.614900999999996,-122.178445,89,204,155,25,11.9,17.6,-6.7,-20.1,-35.2,-15.5,0.0,0.0,0,-2.8702392578125,0.0,64592,5900CC009B001900077000B0FFFBDFFF37FEA0FF65000000000000000000A4270000FC50
10.17,100735.09,49.22,7,2,2025,6,54,41,47.614900999999996,-122.178445,89,205,156,25,12.0,16.900000000000002,-7.0,-19.5,-35.2,-14.600000000000001,0.0,0.0,0,-2.8702392578125,0.0,18131,5900CD009C001900078000A9FFFBAFFF3DFEA0FF6E000000000000000000A427000046D3
10.32,100734.87,49.24,7,2,2025,6,54,42,47.614900999999996,-122.178445,89,206,159,25,11.9,17.0,-7.0,-19.5,-35.2,-14.600000000000001,0.0,0.0,0,-2.874755859375,0.0,2752,5900CE009F001900077000AAFFFBAFFF3DFEA0FF6E000000000000000000A40200000AC0
10.47,100733.95,49.32,7,2,2025,6,54,43,47.614900999999996,-122.178445,89,207,159,25,11.9,17.0,-7.0,-19.5,-35.2,-16.400000000000002,0.0,0.0,0,-2.874755859375,0.0,11308,5900CF009F001900077000AAFFFBAFFF3DFEA0FF5C000000000000000000A40200002C2C
10.62,100732.42,49.45,7,2,2025,6,54,44,47.614900999999996,-122.178445,89,208,160,25,12.3,16.1,-7.6000000000000005,-18.8,-35.4,-18.1,0.0,0.0,0,-2.874755859375,0.0,52334,5900D000A000190007B000A1FFFB4FFF44FE9EFF4B000000000000000000A4020000CC6E
10.69,100731.56,49.52,7,2,2025,6,54,44,47.614900999999996,-122.178445,89,209,161,25,13.200000000000001,15.5,-8.700000000000001,-18.400000000000002,-35.6,-16.3,0.0,0.0,0,-2.874755859375,0.0,22264,5900D100A10019000840009BFFFA9FFF48FE9CFF5D000000000000000000A402000056F8
10.84,100729.5,49.69,7,2,2025,6,54,46,47.614900999999996,-122.178445,89,210,161,25,13.200000000000001,15.5,-8.700000000000001,-18.400000000000002,-35.6,-17.2,0.0,0.0,0,-2.874755859375,0.0,41242,5900D200A10019000840009BFFFA9FFF48FE9CFF54000000000000000000A4020000A11A
10.98,100727.55,49.86,7,2,2025,6,54,47,47.614900999999996,-122.178445,89,211,162,25,13.8,15.100000000000001,-9.4,-18.2,-39.1,-23.3,0.0,0.0,0,-2.874755859375,0.0,22861,5900D300A200190008A00097FFFA2FFF4AFE79FF17000000000000000000A4020000594D
11.12,100725.63,50.02,7,2,2025,6,54,48,47.614900999999996,-122.178445,89,212,164,25,14.3,14.8,-9.9,-18.1,-42.400000000000006,-26.8,0.0,0.0,0,-2.874755859375,0.0,56068,5900D400A400190008F00094FFF9DFFF4BFE58FEF4000000000000000000A4020000DB04
11.27,100724.28,50.13,7,2,2025,6,54,49,47.614900999999996,-122.178445,89,213,165,25,14.8,14.600000000000001,-10.4,-17.900000000000002,-45.900000000000006,-23.3,0.0,0.0,0,-2.874755859375,0.0,163,5900D500A500190009400092FFF98FFF4DFE35FF17000000000000000000A402000000A3
11.4,100722.33,50.29,7,2,2025,6,54,50,47.614900999999996,-122.178445,89,214,166,25,15.4,14.200000000000001,-11.100000000000001,-17.8,-49.300000000000004,-27.6,0.0,0.0,0,-2.874755859375,0.0,23210,5900D600A600190009A0008EFFF91FFF4EFE13FEEC000000000000000000A40200005AAA
182.28,151463.45,655.35,7,2,2025,6,54,50,47.614900999999996,-122.178445,89,215,167,25,15.4,14.200000000000001,-11.100000000000001,-17.8,-49.300000000000004,-25.0,0.0,0.0,0,-2.874755859375,0.0,55280,5900D700A700190009A0008EFFF91FFF4EFE13FF06000000000000000000A4020000D7F0
11.69,100718.8,50.59,7,2,2025,6,54,50,47.614900999999996,-122.178445,89,216,168,25,16.3,14.3,-12.0,-18.1,-49.7,-35.5,0.0,0.0,0,-2.874755859375,0.0,41356,5900D800A80019000A30008FFFF88FFF4BFE0FFE9D000000000000000000A4020000A18C
11.83,100716.9,50.75,7,2,2025,6,54,53,47.614900999999996,-122.178445,89,217,169,25,16.400000000000002,15.200000000000001,-11.8,-19.0,-49.800000000000004,-35.4,0.0,0.0,0,-2.874755859375,0.0,10084,5900D900A90019000A400098FFF8AFFF42FE0EFE9E000000000000000000A40200002764
11.96,100714.55,50.94,7,2,2025,6,54,54,47.614900999999996,-122.178445,89,218,169,25,16.400000000000002,15.200000000000001,-11.8,-19.0,-49.800000000000004,-35.4,0.0,0.0,0,-2.874755859375,0.0,30499,5900DA00A90019000A400098FFF8AFFF42FE0EFE9E000000000000000000A40200007723
12.1,100712.46,51.12,7,2,2025,6,54,55,47.614900999999996,-122.178445,89,219,171,25,15.9,15.5,-11.200000000000001,-19.200000000000003,-53.300000000000004,-34.6,0.0,0.0,0,-2.874755859375,0.0,1841,5900DB00AB00190009F0009BFFF90FFF40FDEBFEA6000000000000000000A40200000731
12.17,100711.33,51.21,7,2,2025,6,54,56,47.614900999999996,-122.178445,89,220,173,25,15.4,15.8,-10.700000000000001,-19.3,-56.900000000000006,-34.5,0.0,0.0,0,-2.874755859375,0.0,29851,5900DC00AD00190009A0009EFFF95FFF3FFDC7FEA7000000000000000000A4020000749B
12.32,100709.34,51.38,7,2,2025,6,54,57,47.614900999999996,-122.178445,89,221,173,25,15.4,15.8,-10.700000000000001,-19.3,-56.900000000000006,-40.6,0.0,0.0,0,-2.874755859375,0.0,17182,5900DD00AD00190009A0009EFFF95FFF3FFDC7FE6A000000000000000000A4020000431E
12.45,100707.86,51.5,7,2,2025,6,54,58,47.614900999999996,-122.178445,89,222,175,25,14.9,16.0,-10.200000000000001,-19.400000000000002,-60.6,-40.6,0.0,0.0,0,-2.874755859375,0.0,21298,5900DE00AF001900095000A0FFF9AFFF3EFDA2FE6A000000000000000000A40200005332
12.57,100705.95,51.66,7,2,2025,6,54,59,47.614900999999996,-122.178445,89,223,176,25,14.4,16.3,-9.600000000000001,-19.5,-64.2,-41.5,0.0,0.0,0,-2.874755859375,0.0,50959,5900DF00B0001900090000A3FFFA0FFF3DFD7EFE61000000000000000000A4020000C70F
12.69,100704.12,51.82,7,2,2025,6,55,0,47.614900999999996,-122.178445,89,224,177,25,13.600000000000001,16.400000000000002,-8.8,-19.400000000000002,-66.2,-43.300000000000004,0.0,0.0,0,-2.874755859375,0.0,874,5900E000B1001900088000A4FFFA8FFF3EFD6AFE4F000000000000000000A4020000036A
12.82,100702.08,51.99,7,2,2025,6,55,1,47.614900999999996,-122.178445,89,225,177,25,13.600000000000001,16.400000000000002,-8.8,-19.400000000000002,-66.2,-43.300000000000004,0.0,0.0,0,-2.874755859375,0.0,4246,5900E100B1001900088000A4FFFA8FFF3EFD6AFE4F000000000000000000A40200001096
12.96,100700.94,52.08,7,2,2025,6,55,2,47.614900999999996,-122.178445,89,226,178,25,13.3,16.1,-8.5,-19.0,-66.2,-44.1,0.0,0.0,0,-2.874755859375,0.0,2696,5900E200B2001900085000A1FFFABFFF42FD6AFE47000000000000000000A40200000A88
13.09,100699.82,52.18,7,2,2025,6,55,3,47.614900999999996,-122.178445,89,227,180,25,12.600000000000001,16.6,-8.5,-19.0,-66.2,-42.400000000000006,0.0,0.0,0,-2.91259765625,0.0,51205,5900E300B400190007E000A6FFFABFFF42FD6AFE58000000000000000000A2CC0000C805
13.22,100698.8,52.26,7,2,2025,6,55,4,47.614900999999996,-122.178445,89,228,183,25,12.600000000000001,16.6,-8.5,-19.0,-66.2,-43.2,0.0,0.0,0,-2.91259765625,0.0,59138,5900E400B700190007E000A6FFFABFFF42FD6AFE50000000000000000000A2CC0000E702
13.36,100698.33,52.3,7,2,2025,6,55,5,47.614900999999996,-122.178445,89,229,185,25,11.4,16.5,-7.4,-18.6,-66.2,-44.1,0.0,0.0,0,-2.91259765625,0.0,21958,5900E500B9001900072000A5FFFB6FFF46FD6AFE47000000000000000000A2CC000055C6
13.49,100697.79,52.35,7,2,2025,6,55,6,47.614900999999996,-122.178445,89,230,185,25,11.4,16.5,-7.4,-18.6,-66.2,-46.7,0.0,0.0,0,-2.91259765625,0.0,18166,5900E600B9001900072000A5FFFB6FFF46FD6AFE2D000000000000000000A2CC000046F6
13.63,100697.2,52.39,7,2,2025,6,55,7,47.614900999999996,-122.178445,89,231,186,25,10.700000000000001,16.900000000000002,-6.6000000000000005,-18.8,-66.4,-37.9,0.0,0.0,0,-2.91259765625,0.0,20710,5900E700BA00190006B000A9FFFBEFFF44FD68FE85000000000000000000A2CC000050E6
13.7,100697.11,52.4,7,2,2025,6,55,8,47.614900999999996,-122.178445,89,232,187,25,9.700000000000001,16.2,-5.7,-18.0,-66.60000000000001,-40.6,0.0,0.0,0,-2.91259765625,0.0,4163,5900E800BB001900061000A2FFFC7FFF4CFD66FE6A000000000000000000A2CC00001043
13.82,100696.55,52.45,7,2,2025,6,55,9,47.614900999999996,-122.178445,89,233,188,25,9.0,15.3,-5.300000000000001,-16.900000000000002,-66.9,-38.800000000000004,0.0,0.0,0,-2.91259765625,0.0,36222,5900E900BC00190005A00099FFFCBFFF57FD63FE7C000000000000000000A2CC00008D7E
13.94,100695.95,52.5,7,2,2025,6,55,10,47.614900999999996,-122.178445,89,234,188,25,9.0,15.3,-5.300000000000001,-16.900000000000002,-66.9,-40.5,0.0,0.0,0,-2.91259765625,0.0,60619,5900EA00BC00190005A00099FFFCBFFF57FD63FE6B000000000000000000A2CC0000ECCB
14.05,100694.87,52.59,7,2,2025,6,55,11,47.614900999999996,-122.178445,89,235,189,25,8.5,14.200000000000001,-5.1000000000000005,-15.700000000000001,-67.3,-44.900000000000006,0.0,0.0,0,-2.91259765625,0.0,34893,5900EB00BD0019000550008EFFFCDFFF63FD5FFE3F000000000000000000A2CC0000884D
14.16,100694.95,52.58,7,2,2025,6,55,12,47.614900999999996,-122.178445,89,236,190,25,8.0,13.0,-4.800000000000001,-14.5,-67.2,-44.0,0.0,0.0,0,-2.91259765625,0.0,48442,5900EC00BE00190005000082FFFD0FFF6FFD60FE48000000000000000000A2CC0000BD3A
14.26,100694.4,52.63,7,2,2025,6,55,13,47.614900999999996,-122.178445,89,237,191,25,8.0,13.0,-4.800000000000001,-14.5,-67.2,-42.2,0.0,0.0,0,-2.91259765625,0.0,24617,5900ED00BF00190005000082FFFD0FFF6FFD60FE5A000000000000000000A2CC00006029
14.36,100694.33,52.64,7,2,2025,6,55,14,47.614900999999996,-122.178445,89,238,191,25,8.0,13.0,-4.800000000000001,-14.5,-67.2,-44.0,0.0,0.0,0,-2.91259765625,0.0,10993,5900EE00BF00190005000082FFFD0FFF6FFD60FE48000000000000000000A2CC00002AF1
14.46,100694.03,52.66,7,2,2025,6,55,15,47.614900999999996,-122.178445,89,239,191,25,8.0,13.0,-4.800000000000001,-14.5,-67.2,-42.2,0.0,0.0,0,-2.91259765625,0.0,18385,5900EF00BF00190005000082FFFD0FFF6FFD60FE5A000000000000000000A2CC000047D1
14.55,100693.06,52.74,7,2,2025,6,55,16,47.614900999999996,-122.178445,89,240,191,25,8.0,13.0,-4.800000000000001,-14.5,-67.2,-45.7,0.0,0.0,0,-2.91259765625,0.0,62819,5900F000BF00190005000082FFFD0FFF6FFD60FE37000000000000000000A2CC0000F563
14.65,100692.92,52.75,7,2,2025,6,55,17,47.614900999999996,-122.178445,89,241,191,25,8.0,13.0,-4.800000000000001,-14.5,-67.2,-42.2,0.0,0.0,0,-2.91259765625,0.0,33109,5900F100BF00190005000082FFFD0FFF6FFD60FE5A000000000000000000A2CC00008155
14.73,100692.39,52.8,7,2,2025,6,55,18,47.614900999999996,-122.178445,89,242,191,25,8.0,13.0,-4.800000000000001,-14.5,-67.2,-42.2,0.0,0.0,0,-2.91259765625,0.0,46417,5900F200BF00190005000082FFFD0FFF6FFD60FE5A000000000000000000A2CC0000B551
14.77,100692.09,52.82,7,2,2025,6,55,19,47.614900999999996,-122.178445,89,243,191,25,8.0,13.0,-4.800000000000001,-14.5,-67.2,-42.2,0.0,0.0,0,-2.91259765625,0.0,42669,5900F300BF00190005000082FFFD0FFF6FFD60FE5A000000000000000000A2CC0000A6AD
14.86,100691.81,52.85,7,2,2025,6,55,20,47.614900999999996,-122.178445,89,244,191,25,8.0,13.0,-4.800000000000001,-14.5,-67.2,-42.2,0.0,0.0,0,-2.91259765625,0.0,56665,5900F400BF00190005000082FFFD0FFF6FFD60FE5A000000000000000000A2CC0000DD59
14.94,100691.34,52.89,7,2,2025,6,55,21,47.614900999999996,-122.178445,89,245,191,25,8.0,13.0,-4.800000000000001,-14.5,-67.2,-42.2,0.0,0.0,0,-2.91259765625,0.0,52901,5900F500BF00190005000082FFFD0FFF6FFD60FE5A000000000000000000A2CC0000CEA5
15.03,100690.23,52.98,7,2,2025,6,55,22,47.614900999999996,-122.178445,89,246,191,25,8.0,13.0,-4.800000000000001,-14.5,-67.2,-42.2,0.0,0.0,0,-2.91259765625,0.0,64161,5900F600BF00190005000082FFFD0FFF6FFD60FE5A000000000000000000A2CC0000FAA1
15.12,100689.46,53.04,7,2,2025,6,55,23,47.614900999999996,-122.178445,89,247,191,25,8.0,13.0,-4.800000000000001,-14.5,-67.2,-42.2,0.0,0.0,0,-2.91259765625,0.0,59741,5900F700BF00190005000082FFFD0FFF6FFD60FE5A000000000000000000A2CC0000E95D
15.21,100688.8,53.1,7,2,2025,6,55,24,47.614900999999996,-122.178445,89,248,193,25,8.200000000000001,12.8,-5.0,-14.3,-67.4,-40.5,0.0,0.0,0,-2.91259765625,0.0,41133,5900F800C100190005200080FFFCEFFF71FD5EFE6B000000000000000000A2CC0000A0AD
15.31,100688.94,53.09,7,2,2025,6,55,25,47.614900999999996,-122.178445,89,249,193,25,8.200000000000001,12.8,-5.0,-14.3,-67.4,-40.400000000000006,0.0,0.0,0,-2.91259765625,0.0,42551,5900F900C100190005200080FFFCEFFF71FD5EFE6C000000000000000000A2CC0000A637
15.41,100688.55,53.12,7,2,2025,6,55,26,47.614900999999996,-122.178445,89,250,194,25,8.6,13.4,-5.4,-15.0,-67.8,-38.6,0.0,0.0,0,-2.91259765625,0.0,661,5900FA00C200190005600086FFFCAFFF6AFD5AFE7E000000000000000000A2CC00000295
15.51,100688.16,53.15,7,2,2025,6,55,27,47.614900999999996,-122.178445,89,251,195,25,9.0,14.600000000000001,-5.4,-16.3,-68.4,-38.6,0.0,0.0,0,-2.91259765625,0.0,40057,5900FB00C300190005A00092FFFCAFFF5DFD54FE7E000000000000000000A2CC00009C79
15.61,100687.77,53.18,7,2,2025,6,55,28,47.614900999999996,-122.178445,89,252,196,25,9.5,15.8,-5.6000000000000005,-17.5,-68.5,-36.9,0.0,0.0,0,-2.91259765625,0.0,23221,5900FC00C400190005F0009EFFFC8FFF51FD53FE8F000000000000000000A2CC00005AB5
15.71,100687.47,53.21,7,2,2025,6,55,29,47.614900999999996,-122.178445,89,253,196,25,9.5,15.8,-5.6000000000000005,-17.5,-68.5,-38.6,0.0,0.0,0,-2.91259765625,0.0,54662,5900FD00C400190005F0009EFFFC8FFF51FD53FE7E000000000000000000A2CC0000D586
15.76,100687.7,53.19,7,2,2025,6,55,30,47.614900999999996,-122.178445,89,254,197,25,10.0,16.900000000000002,-5.9,-18.8,-68.7,-44.800000000000004,0.0,0.0,0,-2.91259765625,0.0,64182,5900FE00C5001900064000A9FFFC5FFF44FD51FE40000000000000000000A2CC0000FAB6
182.28,151463.45,655.35,7,2,2025,6,55,30,47.614900999999996,-122.178445,89,255,198,25,10.8,18.0,-6.4,-19.900000000000002,-69.0,-43.0,0.0,0.0,0,-2.91259765625,0.0,31558,5900FF00C600190006C000B4FFFC0FFF39FD4EFE52000000000000000000A2CC00007B46
15.97,100687.36,53.22,7,2,2025,6,55,30,47.614900999999996,-122.178445,89,256,199,25,13.3,17.2,-6.9,-21.1,-69.2,-43.800000000000004,0.0,0.0,0,-2.6580810546875,-0.001430511474609375,10604,59010000C7001900085000ACFFFBBFFF2DFD4CFE4A000000000000000000AAF1FD12296C
16.07,100687.06,53.24,7,2,2025,6,55,30,47.614900999999996,-122.178445,89,257,200,25,13.8,18.3,-7.300000000000001,-22.400000000000002,-69.3,-43.0,0.0,0.0,0,-2.6580810546875,-0.001430511474609375,29261,59010100C800190008A000B7FFFB7FFF20FD4BFE52000000000000000000AAF1FD12724D
16.18,100686.81,53.26,7,2,2025,6,55,34,47.614900999999996,-122.178445,89,258,201,25,14.200000000000001,19.5,-7.5,-23.6,-69.5,-42.1,0.0,0.0,0,-2.6580810546875,-0.001430511474609375,4639,59010200C900190008E000C3FFFB5FFF14FD49FE5B000000000000000000AAF1FD12121F
16.28,100686.66,53.28,7,2,2025,6,55,35,47.614900999999996,-122.178445,89,259,202,25,14.4,20.8,-7.6000000000000005,-24.900000000000002,-69.7,-42.0,0.0,0.0,0,-2.6580810546875,-0.001430511474609375,22517,59010300CA001900090000D0FFFB4FFF07FD47FE5C000000000000000000AAF1FD1257F5
16.37,100686.37,53.3,7,2,2025,6,55,36,47.614900999999996,-122.178445,89,260,202,25,14.4,20.8,-7.6000000000000005,-24.900000000000002,-69.7,-39.400000000000006,0.0,0.0,0,-2.6580810546875,-0.001430511474609375,58929,59010400CA001900090000D0FFFB4FFF07FD47FE76000000000000000000AAF1FD12E631
16.48,100685.88,53.34,7,2,2025,6,55,37,47.614900999999996,-122.178445,89,261,203,25,14.9,22.1,-7.9,-26.200000000000003,-69.9,-39.400000000000006,0.0,0.0,0,-2.6580810546875,-0.001430511474609375,27905,59010500CB001900095000DDFFFB1FFEFAFD45FE76000000000000000000AAF1FD126D01
16.58,100685.27,53.39,7,2,2025,6,55,38,47.614900999999996,-122.178445,89,262,206,25,15.4,23.200000000000003,-8.200000000000001,-27.400000000000002,-70.0,-38.6,0.0,0.0,0,-2.6580810546875,-0.001430511474609375,63888,59010600CE00190009A000E8FFFAEFFEEEFD44FE7E000000000000000000AAF1FD12F990
16.68,100685.16,53.4,7,2,2025,6,55,39,47.614900999999996,-122.178445,89,263,207,25,15.700000000000001,24.5,-8.5,-28.700000000000003,-70.10000000000001,-38.6,0.0,0.0,0,-2.6580810546875,-0.001430511474609375,6060,59010700CF00190009D000F5FFFABFFEE1FD43FE7E000000000000000000AAF1FD1217AC
16.78,100684.97,53.42,7,2,2025,6,55,40,47.614900999999996,-122.178445,89,264,208,25,16.3,25.6,-8.9,-29.900000000000002,-70.5,-36.800000000000004,0.0,0.0,0,-2.6580810546875,-0.001430511474609375,54262,59010800D00019000A300100FFFA7FFED5FD3FFE90000000000000000000AAF1FD12D3F6
16.87,100684.65,53.45,7,2,2025,6,55,41,47.614900999999996,-122.178445,89,265,209,25,16.6,26.8,-9.1,-31.1,-70.8,-36.800000000000004,0.0,0.0,0,-2.6580810546875,-0.001430511474609375,38993,59010900D10019000A60010CFFFA5FFEC9FD3CFE90000000000000000000AAF1FD129851
16.92,100684.81,53.43,7,2,2025,6,55,42,47.614900999999996,-122.178445,89,266,210,25,16.6,26.8,-9.1,-31.1,-70.8,-38.6,0.0,0.0,0,-2.6580810546875,-0.001430511474609375,23348,59010A00D20019000A60010CFFFA5FFEC9FD3CFE7E000000000000000000AAF1FD125B34
17.01,100684.23,53.48,7,2,2025,6,55,43,47.614900999999996,-122.178445,89,267,211,25,17.0,28.0,-9.4,-32.300000000000004,-71.3,-37.7,0.0,0.0,0,-2.6580810546875,-0.001430511474609375,59110,59010B00D30019000AA00118FFFA2FFEBDFD37FE87000000000000000000AAF1FD12E6E6
17.1,100684.06,53.49,7,2,2025,6,55,44,47.614900999999996,-122.178445,89,268,212,25,17.400000000000002,29.1,-9.700000000000001,-33.5,-71.60000000000001,-40.300000000000004,0.0,0.0,0,-2.6580810546875,-0.001430511474609375,8619,59010C00D40019000AE00123FFF9FFFEB1FD34FE6D000000000000000000AAF1FD1221AB
17.19,100683.09,53.58,7,2,2025,6,55,45,47.614900999999996,-122.178445,89,269,213,25,17.8,30.3,-9.9,-34.7,-71.9,-45.5,0.0,0.0,0,-2.6580810546875,-0.001430511474609375,33809,59010D00D50019000B20012FFFF9DFFEA5FD31FE39000000000000000000AAF1FD128411
17.27,100682.86,53.6,7,2,2025,6,55,46,47.614900999999996,-122.178445,89,270,213,25,17.8,30.3,-9.9,-34.7,-71.9,-43.7,0.0,0.0,0,-2.6580810546875,-0.001430511474609375,16253,59010E00D50019000B20012FFFF9DFFEA5FD31FE4B000000000000000000AAF1FD123F7D
17.34,100682.97,53.59,7,2,2025,6,55,47,47.614900999999996,-122.178445,89,271,214,25,18.2,31.3,-10.200000000000001,-35.800000000000004,-72.10000000000001,-42.0,0.0,0.0,0,-2.6580810546875,-0.001430511474609375,12043,59010F00D60019000B600139FFF9AFFE9AFD2FFE5C000000000000000000AAF1FD122F0B
17.41,100683.11,53.57,7,2,2025,6,55,48,47.614900999999996,-122.178445,89,272,215,25,18.400000000000002,32.4,-10.3,-36.9,-72.3,-39.400000000000006,0.0,0.0,0,-2.6580810546875,-0.001430511474609375,61303,59011000D70019000B800144FFF99FFE8FFD2DFE76000000000000000000AAF1FD12EF77
17.48,100683.03,53.58,7,2,2025,6,55,49,47.614900999999996,-122.178445,89,273,217,25,18.6,33.300000000000004,-10.5,-37.800000000000004,-72.4,-38.5,0.0,0.0,0,-2.6580810546875,-0.001430511474609375,50989,59011100D90019000BA0014DFFF97FFE86FD2CFE7F000000000000000000AAF1FD12C72D
17.54,100682.72,53.61,7,2,2025,6,55,50,47.614900999999996,-122.178445,89,274,218,25,18.6,33.300000000000004,-10.5,-37.800000000000004,-72.4,-38.5,0.0,0.0,0,-2.6580810546875,-0.001430511474609375,26216,59011200DA0019000BA0014DFFF97FFE86FD2CFE7F000000000000000000AAF1FD126668
17.61,100682.47,53.63,7,2,2025,6,55,51,47.614900999999996,-122.178445,89,275,218,25,18.6,33.300000000000004,-10.5,-37.800000000000004,-72.4,-40.2,0.0,0.0,0,-2.6580810546875,-0.001430511474609375,28330,59011300DA0019000BA0014DFFF97FFE86FD2CFE6E000000000000000000AAF1FD126EAA
17.67,100682.61,53.62,7,2,2025,6,55,52,47.614900999999996,-122.178445,89,276,218,25,18.6,33.300000000000004,-10.5,-37.800000000000004,-72.4,-43.7,0.0,0.0,0,-2.6580810546875,-0.001430511474609375,13892,59011400DA0019000BA0014DFFF97FFE86FD2CFE4B000000000000000000AAF1FD123644
17.71,100682.65,53.61,7,2,2025,6,55,53,47.614900999999996,-122.178445,89,277,218,25,18.6,33.300000000000004,-10.5,-37.800000000000004,-72.4,-47.1,0.0,0.0,0,-2.6580810546875,-0.001430511474609375,43452,59011500DA0019000BA0014DFFF97FFE86FD2CFE29000000000000000000AAF1FD12A9BC
17.76,100683.06,53.58,7,2,2025,6,55,54,47.614900999999996,-122.178445,89,278,218,25,18.6,33.300000000000004,-10.5,-37.800000000000004,-72.4,-41.900000000000006,0.0,0.0,0,-2.6580810546875,-0.001430511474609375,19068,59011600DA0019000BA0014DFFF97FFE86FD2CFE5D000000000000000000AAF1FD124A7C
17.82,100682.55,53.62,7,2,2025,6,55,55,47.614900999999996,-122.178445,89,279,218,25,18.6,33.300000000000004,-10.5,-37.800000000000004,-72.4,-41.0,0.0,0.0,0,-2.6580810546875,-0.001430511474609375,56598,59011700DA0019000BA0014DFFF97FFE86FD2CFE66000000000000000000AAF1FD12DD16
17.87,100682.55,53.62,7,2,2025,6,55,56,47.614900999999996,-122.178445,89,280,218,25,18.6,33.300000000000004,-10.5,-37.800000000000004,-72.4,-41.0,0.0,0.0,0,-2.6580810546875,-0.001430511474609375,14594,59011800DA0019000BA0014DFFF97FFE86FD2CFE66000000000000000000AAF1FD123902
17.94,100682.09,53.66,7,2,2025,6,55,57,47.614900999999996,-122.178445,89,281,218,25,18.6,33.300000000000004,-10.5,-37.800000000000004,-72.4,-43.6,0.0,0.0,0,-2.6580810546875,-0.001430511474609375,57550,59011900DA0019000BA0014DFFF97FFE86FD2CFE4C000000000000000000AAF1FD12E0CE
18.01,100682.0,53.67,7,2,2025,6,55,58,47.614900999999996,-122.178445,89,282,220,25,19.3,31.1,-10.5,-36.7,-72.60000000000001,-48.0,0.0,0.0,0,-2.531982421875,-0.0019893646240234375,30040,59011A00DC0019000C100137FFF97FFE91FD2AFE20000000000000000000AEFAFBED7558
18.07,100682.06,53.66,7,2,2025,6,55,59,47.614900999999996,-122.178445,89,283,221,25,18.8,29.900000000000002,-10.100000000000001,-35.5,-73.0,-45.300000000000004,0.0,0.0,0,-2.531982421875,-0.0019893646240234375,37708,59011B00DD0019000BC0012BFFF9BFFE9DFD26FE3B000000000000000000AEFAFBED934C
18.12,100682.07,53.66,7,2,2025,6,56,0,47.614900999999996,-122.178445,89,284,222,25,18.6,28.6,-9.9,-34.2,-73.4,-43.6,0.0,0.0,0,-2.531982421875,-0.0019893646240234375,56641,59011C00DE0019000BA0011EFFF9DFFEAAFD22FE4C000000000000000000AEFAFBEDDD41
18.2,100681.94,53.67,7,2,2025,6,56,1,47.614900999999996,-122.178445,89,285,223,25,18.2,27.400000000000002,-9.5,-33.0,-73.7,-39.2,0.0,0.0,0,-2.531982421875,-0.0019893646240234375,52783,59011D00DF0019000B600112FFFA1FFEB6FD1FFE78000000000000000000AEFAFBEDCE2F
18.26,100682.03,53.66,7,2,2025,6,56,2,47.614900999999996,-122.178445,89,286,223,25,18.2,27.400000000000002,-9.5,-33.0,-73.7,-34.9,0.0,0.0,0,-2.531982421875,-0.0019893646240234375,40222,59011E00DF0019000B600112FFFA1FFEB6FD1FFEA3000000000000000000AEFAFBED9D1E
18.32,100681.83,53.68,7,2,2025,6,56,3,47.614900999999996,-122.178445,89,287,224,25,17.8,26.200000000000003,-9.3,-31.700000000000003,-73.8,-41.800000000000004,0.0,0.0,0,-2.531982421875,-0.0019893646240234375,16215,59011F00E00019000B200106FFFA3FFEC3FD1EFE5E000000000000000000AEFAFBED3F57
18.37,100681.61,53.7,7,2,2025,6,56,4,47.614900999999996,-122.178445,89,288,225,25,17.5,24.900000000000002,-9.0,-30.5,-74.10000000000001,-40.1,0.0,0.0,0,-2.531982421875,-0.0019893646240234375,31168,59012000E10019000AF000F9FFFA6FFECFFD1BFE6F000000000000000000AEFAFBED79C0
18.44,100682.01,53.67,7,2,2025,6,56,5,47.614900999999996,-122.178445,89,289,227,25,17.3,23.6,-8.8,-29.200000000000003,-74.4,-38.300000000000004,0.0,0.0,0,-2.531982421875,-0.0019893646240234375,30799,59012100E30019000AD000ECFFFA8FFEDCFD18FE81000000000000000000AEFAFBED784F
18.46,100681.98,53.67,7,2,2025,6,56,6,47.614900999999996,-122.178445,89,290,227,25,17.3,23.6,-8.8,-29.200000000000003,-74.4,-38.300000000000004,0.0,0.0,0,-2.531982421875,-0.0019893646240234375,19531,59012200E30019000AD000ECFFFA8FFEDCFD18FE81000000000000000000AEFAFBED4C4B
18.53,100682.1,53.66,7,2,2025,6,56,7,47.614900999999996,-122.178445,89,291,228,25,16.900000000000002,22.5,-8.5,-28.0,-74.7,-37.4,0.0,0.0,0,-2.531982421875,-0.0019893646240234375,18070,59012300E40019000A9000E1FFFABFFEE8FD15FE8A000000000000000000AEFAFBED4696
18.59,100682.16,53.65,7,2,2025,6,56,8,47.614900999999996,-122.178445,89,292,229,25,16.5,21.3,-8.1,-26.8,-75.10000000000001,-41.800000000000004,0.0,0.0,0,-2.531982421875,-0.0019893646240234375,12663,59012400E50019000A5000D5FFFAFFFEF4FD11FE5E000000000000000000AEFAFBED3177
18.64,100682.0,53.67,7,2,2025,6,56,9,47.614900999999996,-122.178445,89,293,230,25,16.3,20.1,-7.9,-25.6,-75.3,-43.5,0.0,0.0,0,-2.531982421875,-0.0019893646240234375,48103,59012500E60019000A3000C9FFFB1FFF00FD0FFE4D000000000000000000AEFAFBEDBBE7
18.7,100681.94,53.67,7,2,2025,6,56,10,47.614900999999996,-122.178445,89,294,230,25,16.3,20.1,-7.9,-25.6,-75.3,-38.2,0.0,0.0,0,-2.531982421875,-0.0019893646240234375,38272,59012600E60019000A3000C9FFFB1FFF00FD0FFE82000000000000000000AEFAFBED9580
18.75,100681.58,53.7,7,2,2025,6,56,11,47.614900999999996,-122.178445,89,295,231,25,16.2,18.8,-7.800000000000001,-24.400000000000002,-75.5,-40.800000000000004,0.0,0.0,0,-2.531982421875,-0.0019893646240234375,47266,59012700E70019000A2000BCFFFB2FFF0CFD0DFE68000000000000000000AEFAFBEDB8A2
18.79,100681.02,53.75,7,2,2025,6,56,12,47.614900999999996,-122.178445,89,296,233,25,16.0,17.6,-7.7,-23.200000000000003,-76.0,-40.800000000000004,0.0,0.0,0,-2.531982421875,-0.0019893646240234375,17676,59012800E90019000A0000B0FFFB3FFF18FD08FE68000000000000000000AEFAFBED450C
18.85,100680.91,53.76,7,2,2025,6,56,13,47.614900999999996,-122.178445,89,297,235,25,15.8,16.400000000000002,-7.5,-21.900000000000002,-76.4,-38.2,0.0,0.0,0,-2.531982421875,-0.0019893646240234375,58997,59012900EB00190009E000A4FFFB5FFF25FD04FE82000000000000000000AEFAFBEDE675
18.9,100681.14,53.74,7,2,2025,6,56,14,47.614900999999996,-122.178445,89,298,235,25,15.8,16.400000000000002,-7.5,-21.900000000000002,-76.4,-39.900000000000006,0.0,0.0,0,-2.531982421875,-0.0019893646240234375,17141,59012A00EB00190009E000A4FFFB5FFF25FD04FE71000000000000000000AEFAFBED42F5
18.95,100680.94,53.76,7,2,2025,6,56,15,47.614900999999996,-122.178445,89,299,237,25,15.700000000000001,15.4,-7.4,-21.0,-76.60000000000001,-39.900000000000006,0.0,0.0,0,-2.531982421875,-0.0019893646240234375,26509,59012B00ED00190009D0009AFFFB6FFF2EFD02FE71000000000000000000AEFAFBED678D
18.99,100680.39,53.8,7,2,2025,6,56,16,47.614900999999996,-122.178445,89,300,237,25,15.700000000000001,15.4,-7.4,-21.0,-76.60000000000001,-40.800000000000004,0.0,0.0,0,-2.531982421875,-0.0019893646240234375,61107,59012C00ED00190009D0009AFFFB6FFF2EFD02FE68000000000000000000AEFAFBEDEEB3
19.03,100680.25,53.81,7,2,2025,6,56,17,47.614900999999996,-122.178445,89,301,238,25,15.4,14.3,-7.1000000000000005,-19.8,-77.0,-39.1,0.0,0.0,0,-2.531982421875,-0.0019893646240234375,32724,59012D00EE00190009A0008FFFFB9FFF3AFCFEFE79000000000000000000AEFAFBED7FD4
19.08,100680.23,53.81,7,2,2025,6,56,18,47.614900999999996,-122.178445,89,302,239,25,12.700000000000001,16.2,-7.4,-19.200000000000003,-77.0,-43.400000000000006,0.0,0.0,0,-2.8035888671875,-0.000640869140625,11054,59012E00EF00190007F000A2FFFB6FFF40FCFEFE4E000000000000000000A649FEB02B2E
19.1,100679.9,53.84,7,2,2025,6,56,19,47.614900999999996,-122.178445,89,303,239,25,12.700000000000001,16.2,-7.4,-19.200000000000003,-77.0,-46.0,0.0,0.0,0,-2.8035888671875,-0.000640869140625,13894,59012F00EF00190007F000A2FFFB6FFF40FCFEFE34000000000000000000A649FEB03646
19.15,100679.76,53.85,7,2,2025,6,56,20,47.614900999999996,-122.178445,89,304,241,25,12.700000000000001,16.2,-7.4,-19.200000000000003,-77.0,-45.1,0.0,0.0,0,-2.8035888671875,-0.000640869140625,62528,59013000F100190007F000A2FFFB6FFF40FCFEFE3D000000000000000000A649FEB0F440
19.2,100679.55,53.87,7,2,2025,6,56,21,47.614900999999996,-122.178445,89,305,241,25,12.700000000000001,16.2,-7.4,-19.200000000000003,-77.0,-41.6,0.0,0.0,0,-2.8035888671875,-0.000640869140625,50950,59013100F100190007F000A2FFFB6FFF40FCFEFE60000000000000000000A649FEB0C706
19.24,100678.93,53.92,7,2,2025,6,56,22,47.614900999999996,-122.178445,89,306,243,25,13.600000000000001,15.9,-8.3,-19.0,-77.30000000000001,-41.6,0.0,0.0,0,-2.8035888671875,-0.000640869140625,6750,59013200F30019000880009FFFFADFFF42FCFBFE60000000000000000000A649FEB01A5E
19.29,100679.12,53.91,7,2,2025,6,56,23,47.614900999999996,-122.178445,89,307,244,25,14.600000000000001,16.5,-9.200000000000001,-19.700000000000003,-77.60000000000001,-40.7,0.0,0.0,0,-2.8035888671875,-0.000640869140625,58980,59013300F4001900092000A5FFFA4FFF3BFCF8FE69000000000000000000A649FEB0E664
19.33,100679.83,53.85,7,2,2025,6,56,24,47.614900999999996,-122.178445,89,308,244,25,14.600000000000001,16.5,-9.200000000000001,-19.700000000000003,-77.60000000000001,-34.6,0.0,0.0,0,-2.8035888671875,-0.000640869140625,44113,59013400F4001900092000A5FFFA4FFF3BFCF8FEA6000000000000000000A649FEB0AC51
19.37,100680.34,53.81,7,2,2025,6,56,25,47.614900999999996,-122.178445,89,309,245,25,15.4,16.5,-10.0,-19.8,-75.9,-31.1,0.0,0.0,0,-2.8035888671875,-0.000640869140625,40713,59013500F500190009A000A5FFF9CFFF3AFD09FEC9000000000000000000A649FEB09F09
19.42,100681.78,53.69,7,2,2025,6,56,26,47.614900999999996,-122.178445,89,310,247,25,16.0,16.400000000000002,-10.600000000000001,-19.8,-72.3,-28.5,0.0,0.0,0,-2.8035888671875,-0.000640869140625,34251,59013600F70019000A0000A4FFF96FFF3AFD2DFEE3000000000000000000A649FEB085CB
19.45,100682.95,53.59,7,2,2025,6,56,27,47.614900999999996,-122.178445,89,311,248,25,16.0,16.400000000000002,-10.600000000000001,-19.8,-72.3,-26.8,0.0,0.0,0,-2.8035888671875,-0.000640869140625,41237,59013700F80019000A0000A4FFF96FFF3AFD2DFEF4000000000000000000A649FEB0A115
19.5,100684.28,53.48,7,2,2025,6,56,28,47.614900999999996,-122.178445,89,312,252,25,16.5,16.2,-11.100000000000001,-19.700000000000003,-68.9,-28.400000000000002,0.0,0.0,0,-2.8035888671875,-0.000640869140625,2750,59013800FC0019000A5000A2FFF91FFF3BFD4FFEE4000000000000000000A649FEB00ABE
19.53,100685.09,53.41,7,2,2025,6,56,29,47.614900999999996,-122.178445,89,313,253,25,17.1,16.1,-11.700000000000001,-19.6,-65.9,-29.3,0.0,0.0,0,-2.8035888671875,-0.000640869140625,11281,59013900FD0019000AB000A1FFF8BFFF3CFD6DFEDB000000000000000000A649FEB02C11
19.57,100686.08,53.33,7,2,2025,6,56,30,47.614900999999996,-122.178445,89,314,255,25,17.1,16.1,-11.700000000000001,-19.6,-65.9,-26.700000000000003,0.0,0.0,0,-2.8035888671875,-0.000640869140625,50743,59013A00FF0019000AB000A1FFF8BFFF3CFD6DFEF5000000000000000000A649FEB0C637
19.58,100686.4,53.3,7,2,2025,6,56,31,47.614900999999996,-122.178445,89,315,256,25,17.7,16.0,-12.4,-19.6,-62.2,-30.200000000000003,0.0,0.0,0,-2.8035888671875,-0.000640869140625,48652,59013B01000019000B1000A0FFF84FFF3CFD92FED2000000000000000000A649FEB0BE0C
19.62,100687.3,53.22,7,2,2025,6,56,32,47.614900999999996,-122.178445,89,316,256,25,17.7,16.0,-12.4,-19.6,-62.2,-29.3,0.0,0.0,0,-2.8035888671875,-0.000640869140625,28182,59013C01000019000B1000A0FFF84FFF3CFD92FEDB000000000000000000A649FEB06E16
19.65,100687.75,53.19,7,2,2025,6,56,33,47.614900999999996,-122.178445,89,317,256,25,17.7,16.0,-12.4,-19.6,-62.2,-30.900000000000002,0.0,0.0,0,-2.8035888671875,-0.000640869140625,59918,59013D01000019000B1000A0FFF84FFF3CFD92FECB000000000000000000A649FEB0EA0E
19.68,100688.22,53.15,7,2,2025,6,56,34,47.614900999999996,-122.178445,89,318,256,25,17.7,16.0,-12.4,-19.6,-62.2,-29.200000000000003,0.0,0.0,0,-2.8035888671875,-0.000640869140625,4984,59013E01000019000B1000A0FFF84FFF3CFD92FEDC000000000000000000A649FEB01378
19.7,100689.28,53.06,7,2,2025,6,56,35,47.614900999999996,-122.178445,89,319,256,25,17.7,16.0,-12.4,-19.6,-62.2,-33.5,0.0,0.0,0,-2.8035888671875,-0.000640869140625,5422,59013F01000019000B1000A0FFF84FFF3CFD92FEB1000000000000000000A649FEB0152E
19.74,100689.91,53.01,7,2,2025,6,56,36,47.614900999999996,-122.178445,89,320,257,25,17.7,16.0,-12.4,-19.6,-62.2,-28.3,0.0,0.0,0,-2.8035888671875,-0.000640869140625,34391,59014001010019000B1000A0FFF84FFF3CFD92FEE5000000000000000000A649FEB08657
19.77,100690.53,52.95,7,2,2025,6,56,37,47.614900999999996,-122.178445,89,321,257,25,17.7,16.0,-12.4,-19.6,-62.2,-30.1,0.0,0.0,0,-2.8035888671875,-0.000640869140625,52843,59014101010019000B1000A0FFF84FFF3CFD92FED3000000000000000000A649FEB0CE6B
19.79,100691.82,52.85,7,2,2025,6,56,38,47.614900999999996,-122.178445,89,322,258,25,17.900000000000002,14.9,-12.700000000000001,-18.6,-62.6,-14.4,0.0,0.0,0,-2.8035888671875,-0.000640869140625,50292,59014201020019000B300095FFF81FFF46FD8EFF70000000000000000000A649FEB0C474
19.82,100693.02,52.75,7,2,2025,6,56,39,47.614900999999996,-122.178445,89,323,261,25,19.200000000000003,13.100000000000001,-11.5,-18.3,-62.800000000000004,-15.3,0.0,0.0,0,-2.601318359375,-0.001499176025390625,9895,59014301050019000C000083FFF8DFFF49FD8CFF67000000000000000000ACC2FCEE26A7
19.85,100694.7,52.6,7,2,2025,6,56,40,47.614900999999996,-122.178445,89,324,262,25,18.6,13.100000000000001,-10.9,-18.400000000000002,-59.5,-15.200000000000001,0.0,0.0,0,-2.601318359375,-0.001499176025390625,41600,59014401060019000BA00083FFF93FFF48FDADFF68000000000000000000ACC2FCEEA280
19.87,100696.31,52.47,7,2,2025,6,56,41,47.614900999999996,-122.178445,89,325,264,25,18.6,13.100000000000001,-10.9,-18.400000000000002,-59.5,-11.700000000000001,0.0,0.0,0,-2.601318359375,-0.001499176025390625,35181,59014501080019000BA00083FFF93FFF48FDADFF8B000000000000000000ACC2FCEE896D
19.9,100698.09,52.32,7,2,2025,6,56,42,47.614900999999996,-122.178445,89,326,266,25,18.0,13.3,-10.4,-18.5,-56.2,-12.5,0.0,0.0,0,-2.601318359375,-0.001499176025390625,27353,590146010A0019000B400085FFF98FFF47FDCEFF83000000000000000000ACC2FCEE6AD9
19.92,100699.08,52.24,7,2,2025,6,56,43,47.614900999999996,-122.178445,89,327,266,25,18.0,13.3,-10.4,-18.5,-56.2,-9.9,0.0,0.0,0,-2.601318359375,-0.001499176025390625,62565,590147010A0019000B400085FFF98FFF47FDCEFF9D000000000000000000ACC2FCEEF465
19.93,100699.45,52.21,7,2,2025,6,56,44,47.614900999999996,-122.178445,89,328,268,25,17.5,13.3,-9.8,-18.5,-52.1,-9.9,0.0,0.0,0,-2.601318359375,-0.001499176025390625,28557,590148010C0019000AF00085FFF9EFFF47FDF7FF9D000000000000000000ACC2FCEE6F8D
19.95,100701.04,52.07,7,2,2025,6,56,45,47.614900999999996,-122.178445,89,329,268,25,17.5,13.3,-9.8,-18.5,-52.1,-9.1,0.0,0.0,0,-2.601318359375,-0.001499176025390625,37215,590149010C0019000AF00085FFF9EFFF47FDF7FFA5000000000000000000ACC2FCEE915F
19.96,100701.61,52.03,7,2,2025,6,56,46,47.614900999999996,-122.178445,89,330,269,25,16.1,13.700000000000001,-8.4,-18.900000000000002,-49.5,-6.4,0.0,0.0,0,-2.601318359375,-0.001499176025390625,16891,59014A010D0019000A100089FFFACFFF43FE11FFC0000000000000000000ACC2FCEE41FB
19.98,100701.98,51.99,7,2,2025,6,56,47,47.614900999999996,-122.178445,89,331,269,25,16.1,13.700000000000001,-8.4,-18.900000000000002,-49.5,-13.4,0.0,0.0,0,-2.601318359375,-0.001499176025390625,15872,59014B010D0019000A100089FFFACFFF43FE11FF7A000000000000000000ACC2FCEE3E00
19.99,100702.53,51.95,7,2,2025,6,56,47,47.614900999999996,-122.178445,89,332,269,25,16.1,13.700000000000001,-8.4,-18.900000000000002,-49.5,-13.4,0.0,0.0,0,-2.601318359375,-0.001499176025390625,11772,59014C010D0019000A100089FFFACFFF43FE11FF7A000000000000000000ACC2FCEE2DFC
20.0,100704.1,51.82,7,2,2025,6,56,47,47.614900999999996,-122.178445,89,333,270,25,15.0,14.3,-7.300000000000001,-19.400000000000002,-49.5,-14.200000000000001,0.0,0.0,0,-2.601318359375,-0.001499176025390625,58793,59014D010E0019000960008FFFFB7FFF3EFE11FF72000000000000000000ACC2FCEEE5A9
20.0,100704.44,51.79,7,2,2025,6,56,50,47.614900999999996,-122.178445,89,334,271,25,14.3,14.0,-6.6000000000000005,-19.0,-50.300000000000004,-9.8,0.0,0.0,0,-2.601318359375,-0.001499176025390625,11525,59014E010F00190008F0008CFFFBEFFF42FE09FF9E000000000000000000ACC2FCEE2D05
20.01,100704.97,51.75,7,2,2025,6,56,51,47.614900999999996,-122.178445,89,335,272,25,13.700000000000001,12.9,-6.0,-18.0,-50.300000000000004,-6.300000000000001,0.0,0.0,0,-2.601318359375,-0.001499176025390625,9694,59014F011000190008900081FFFC4FFF4CFE09FFC1000000000000000000ACC2FCEE25DE
20.01,100705.81,51.67,7,2,2025,6,56,52,47.614900999999996,-122.178445,89,336,273,25,13.700000000000001,12.9,-6.0,-18.0,-50.300000000000004,-4.6000000000000005,0.0,0.0,0,-2.601318359375,-0.001499176025390625,14651,590150011100190008900081FFFC4FFF4CFE09FFD2000000000000000000ACC2FCEE393B
182.28,151463.45,655.35,7,2,2025,6,56,52,47.614900999999996,-122.178445,89,337,275,25,13.5,11.700000000000001,-5.9,-16.7,-50.400000000000006,-14.100000000000001,0.0,0.0,0,-2.601318359375,-0.001499176025390625,4266,590151011300190008700075FFFC5FFF59FE08FF73000000000000000000ACC2FCEE10AA
20.02,100706.58,51.61,7,2,2025,6,56,52,47.614900999999996,-122.178445,89,338,276,25,13.3,10.5,-5.7,-15.5,-51.0,-17.6,0.0,0.0,0,-2.601318359375,-0.001499176025390625,15322,590152011400190008500069FFFC7FFF65FE02FF50000000000000000000ACC2FCEE3BDA
20.02,100706.74,51.6,7,2,2025,6,56,55,47.614900999999996,-122.178445,89,339,276,25,13.3,10.5,-5.7,-15.5,-51.0,-18.400000000000002,0.0,0.0,0,-2.601318359375,-0.001499176025390625,42882,590153011400190008500069FFFC7FFF65FE02FF48000000000000000000ACC2FCEEA782
20.02,100707.08,51.57,7,2,2025,6,56,56,47.614900999999996,-122.178445,89,340,277,25,13.100000000000001,9.3,-5.6000000000000005,-14.3,-51.0,-15.0,0.0,0.0,0,-2.601318359375,-0.001499176025390625,32577,59015401150019000830005DFFFC8FFF71FE02FF6A000000000000000000ACC2FCEE7F41
20.01,100707.3,51.55,7,2,2025,6,56,57,47.614900999999996,-122.178445,89,341,278,25,13.200000000000001,8.1,-5.7,-13.100000000000001,-51.5,-11.5,0.0,0.0,0,-2.601318359375,-0.001499176025390625,6800,590155011600190008400051FFFC7FFF7DFDFDFF8D000000000000000000ACC2FCEE1A90
20.01,100707.23,51.56,7,2,2025,6,56,58,47.614900999999996,-122.178445,89,342,278,25,13.200000000000001,8.1,-5.7,-13.100000000000001,-51.5,-9.700000000000001,0.0,0.0,0,-2.601318359375,-0.001499176025390625,8396,590156011600190008400051FFFC7FFF7DFDFDFF9F000000000000000000ACC2FCEE20CC
20.01,100707.8,51.51,7,2,2025,6,56,59,47.614900999999996,-122.178445,89,343,280,25,11.4,8.3,-5.800000000000001,-11.9,-51.900000000000006,-6.2,0.0,0.0,0,-2.7276611328125,-0.0009098052978515625,41476,590157011800190007200053FFFC6FFF89FDF9FFC2000000000000000000A8B7FE23A204
19.99,100708.41,51.46,7,2,2025,6,57,0,47.614900999999996,-122.178445,89,344,281,25,11.4,7.1000000000000005,-6.0,-10.700000000000001,-52.0,-6.2,0.0,0.0,0,-2.7276611328125,-0.0009098052978515625,50279,590158011900190007200047FFFC4FFF95FDF8FFC2000000000000000000A8B7FE23C467
19.95,100709.02,51.41,7,2,2025,6,57,1,47.614900999999996,-122.178445,89,345,282,25,11.3,6.2,-5.9,-9.8,-52.1,-9.700000000000001,0.0,0.0,0,-2.7276611328125,-0.0009098052978515625,47061,590159011A0019000710003EFFFC5FFF9EFDF7FF9F000000000000000000A8B7FE23B7D5
19.9,100710.23,51.3,7,2,2025,6,57,2,47.614900999999996,-122.178445,89,346,282,25,11.3,6.2,-5.9,-9.8,-52.1,-8.8,0.0,0.0,0,-2.7276611328125,-0.0009098052978515625,52158,59015A011A0019000710003EFFFC5FFF9EFDF7FFA8000000000000000000A8B7FE23CBBE
19.83,100711.33,51.21,7,2,2025,6,57,3,47.614900999999996,-122.178445,89,347,283,25,11.3,6.2,-5.9,-9.8,-52.1,-12.3,0.0,0.0,0,-2.7276611328125,-0.0009098052978515625,62605,59015B011B0019000710003EFFFC5FFF9EFDF7FF85000000000000000000A8B7FE23F48D
19.74,100712.28,51.13,7,2,2025,6,57,4,47.614900999999996,-122.178445,89,348,284,25,11.3,6.2,-5.9,-9.8,-52.1,-14.9,0.0,0.0,0,-2.7276611328125,-0.0009098052978515625,1026,59015C011C0019000710003EFFFC5FFF9EFDF7FF6B000000000000000000A8B7FE230402
19.65,100713.52,51.03,7,2,2025,6,57,5,47.614900999999996,-122.178445,89,349,285,25,11.0,5.4,-5.7,-9.0,-52.300000000000004,-11.3,0.0,0.0,0,-2.7276611328125,-0.0009098052978515625,54693,59015D011D00190006E00036FFFC7FFFA6FDF5FF8F000000000000000000A8B7FE23D5A5
19.54,100714.46,50.95,7,2,2025,6,57,6,47.614900999999996,-122.178445,89,350,286,25,11.0,4.1000000000000005,-5.9,-7.7,-52.300000000000004,-8.8,0.0,0.0,0,-2.7276611328125,-0.0009098052978515625,21337,59015E011E00190006E00029FFFC5FFFB3FDF5FFA8000000000000000000A8B7FE235359
19.42,100715.44,50.87,7,2,2025,6,57,7,47.614900999999996,-122.178445,89,351,287,25,11.0,4.1000000000000005,-5.9,-7.7,-52.300000000000004,-9.600000000000001,0.0,0.0,0,-2.7276611328125,-0.0009098052978515625,13230,59015F011F00190006E00029FFFC5FFFB3FDF5FFA0000000000000000000A8B7FE2333AE
19.36,100716.0,50.82,7,2,2025,6,57,8,47.614900999999996,-122.178445,89,352,288,25,10.600000000000001,3.1,-5.5,-6.6000000000000005,-52.1,-13.0,0.0,0.0,0,-2.7276611328125,-0.0009098052978515625,28887,590160012000190006A0001FFFFC9FFFBEFDF7FF7E000000000000000000A8B7FE2370D7
19.24,100716.48,50.78,7,2,2025,6,57,9,47.614900999999996,-122.178445,89,353,289,25,10.200000000000001,2.0,-5.2,-5.5,-52.1,-5.300000000000001,0.0,0.0,0,-2.7276611328125,-0.0009098052978515625,38131,590161012100190006600014FFFCCFFFC9FDF7FFCB000000000000000000A8B7FE2394F3
19.1,100717.02,50.74,7,2,2025,6,57,10,47.614900999999996,-122.178445,89,354,290,25,10.200000000000001,2.0,-5.2,-5.5,-52.1,-6.1000000000000005,0.0,0.0,0,-2.7276611328125,-0.0009098052978515625,35252,590162012200190006600014FFFCCFFFC9FDF7FFC3000000000000000000A8B7FE2389B4
18.95,100717.1,50.73,7,2,2025,6,57,11,47.614900999999996,-122.178445,89,355,292,25,9.600000000000001,0.9,-4.7,-4.4,-51.800000000000004,-4.4,0.0,0.0,0,-2.7276611328125,-0.0009098052978515625,42846,590163012400190006000009FFFD1FFFD4FDFAFFD4000000000000000000A8B7FE23A75E
18.81,100717.56,50.69,7,2,2025,6,57,12,47.614900999999996,-122.178445,89,356,294,25,9.0,-0.1,-4.3,-3.3000000000000003,-51.1,-7.9,0.0,0.0,0,-2.7276611328125,-0.0009098052978515625,37759,590164012600190005AFFFFFFFFD5FFFDFFE01FFB1000000000000000000A8B7FE23937F
18.67,100718.53,50.61,7,2,2025,6,57,13,47.614897,-122.17793599999999,89,357,294,25,9.0,-0.1,-4.3,-3.3000000000000003,-51.1,-6.1000000000000005,0.0,0.0,0,-2.7276611328125,-0.0009098052978515625,36571,590165012600190005AFFFFFFFFD5FFFDFFE01FFC3000000000000000000A8B7FE238EDB
18.51,100719.09,50.56,7,2,2025,6,57,14,47.614895999999995,-122.17795199999999,89,358,294,25,9.0,-0.1,-4.3,-3.3000000000000003,-51.1,-6.1000000000000005,0.0,0.0,0,-2.7276611328125,-0.0009098052978515625,47839,590166012600190005AFFFFFFFFD5FFFDFFE01FFC3000000000000000000A8B7FE23BADF
18.36,100719.98,50.49,7,2,2025,6,57,15,47.614892999999995,-122.17794699999999,89,359,295,25,7.9,-2.1,-3.3000000000000003,-1.2000000000000002,-50.800000000000004,-6.0,0.0,0.0,0,-2.7276611328125,-0.0009098052978515625,46361,590167012700190004FFFFEBFFFDFFFFF4FE04FFC4000000000000000000A8B7FE23B519
18.2,100720.5,50.45,7,2,2025,6,57,16,47.614894,-122.177961,89,360,296,25,7.6000000000000005,-3.3000000000000003,-3.1,0.0,-50.300000000000004,-0.8,0.0,0.0,0,-2.7276611328125,-0.0009098052978515625,31448,590168012800190004CFFFDFFFFE100000FE09FFF8000000000000000000A8B7FE237AD8
18.04,100721.23,50.38,7,2,2025,6,57,17,47.614895999999995,-122.17795199999999,89,361,296,25,7.6000000000000005,-3.3000000000000003,-3.1,0.0,-50.300000000000004,2.7,0.0,0.0,0,-2.7276611328125,-0.0009098052978515625,62709,590169012800190004CFFFDFFFFE100000FE09001B000000000000000000A8B7FE23F4F5
17.9,100721.38,50.37,7,2,2025,6,57,18,47.614892,-122.177954,89,362,297,25,7.2,-4.4,-2.9000000000000004,1.1,-50.400000000000006,1.0,0.0,0.0,0,-2.7276611328125,-0.0009098052978515625,48672,59016A0129001900048FFFD4FFFE30000BFE08000A000000000000000000A8B7FE23BE20
17.73,100722.28,50.3,7,2,2025,6,57,19,47.614925,-122.178103,89,363,298,25,7.0,-5.5,-2.7,2.2,-50.1,0.1,0.0,0.0,0,-2.7276611328125,-0.0009098052978515625,41475,59016B012A001900046FFFC9FFFE500016FE0B0001000000000000000000A8B7FE23A203
17.64,100722.77,50.26,7,2,2025,6,57,20,47.614916,-122.178191,0,0,0,0,0.0,0.0,0.0,0.0,0.0,0.0,0.0,0.0,0,0.0,0.0,0,000000000000000000000000000000000000000000000000000000000000000000000000
17.12,100723.7,50.18,7,2,2025,6,57,23,47.614917999999996,-122.17837899999999,89,367,302,25,8.5,-8.5,-4.3,5.0,-50.300000000000004,-6.0,0.0,0.0,0,-2.720947265625,-0.0009403228759765625,10819,59016F012E001900055FFFABFFFD500032FE09FFC4000000000000000000A8EEFE132A43
16.95,100723.45,50.2,7,2,2025,6,57,24,47.614926,-122.17837499999999,89,368,302,25,8.5,-8.5,-4.3,5.0,-50.300000000000004,-0.7000000000000001,0.0,0.0,0,-2.720947265625,-0.0009403228759765625,3764,590170012E001900055FFFABFFFD500032FE09FFF9000000000000000000A8EEFE130EB4
16.79,100723.47,50.2,7,2,2025,6,57,25,47.614937,-122.178377,89,369,303,25,9.5,-9.1,-5.300000000000001,5.6000000000000005,-50.6,-1.6,0.0,0.0,0,-2.720947265625,-0.0009403228759765625,50461,590171012F00190005FFFFA5FFFCB00038FE06FFF0000000000000000000A8EEFE13C51D
16.65,100724.08,50.15,7,2,2025,6,57,26,47.614944,-122.17837899999999,89,370,304,25,10.600000000000001,-9.4,-6.5,5.800000000000001,-51.2,-2.5,0.0,0.0,0,-2.720947265625,-0.0009403228759765625,49293,590172013000190006AFFFA2FFFBF0003AFE00FFE7000000000000000000A8EEFE13C08D
16.51,100724.45,50.12,7,2,2025,6,57,27,47.614945,-122.178382,89,371,304,25,10.600000000000001,-9.4,-6.5,5.800000000000001,-51.2,-4.2,0.0,0.0,0,-2.720947265625,-0.0009403228759765625,57987,590173013000190006AFFFA2FFFBF0003AFE00FFD6000000000000000000A8EEFE13E283
16.37,100724.72,50.09,7,2,2025,6,57,28,47.614943,-122.17839599999999,89,372,305,25,11.3,-8.700000000000001,-7.1000000000000005,5.1000000000000005,-51.1,-2.5,0.0,0.0,0,-2.720947265625,-0.0009403228759765625,50183,5901740131001900071FFFA9FFFB900033FE01FFE7000000000000000000A8EEFE13C407
16.25,100725.53,50.02,7,2,2025,6,57,29,47.614944,-122.17840299999999,89,373,306,25,11.200000000000001,-8.1,-7.0,4.4,-51.1,-5.1000000000000005,0.0,0.0,0,-2.720947265625,-0.0009403228759765625,32369,5901750132001900070FFFAFFFFBA0002CFE01FFCD000000000000000000A8EEFE137E71
16.12,100726.45,49.95,7,2,2025,6,57,30,47.614939,-122.178428,89,374,306,25,11.200000000000001,-8.1,-7.0,4.4,-51.1,-7.7,0.0,0.0,0,-2.720947265625,-0.0009403228759765625,50997,5901760132001900070FFFAFFFFBA0002CFE01FFB3000000000000000000A8EEFE13C735
16.07,100737.56,49.91,7,2,2025,6,57,31,47.614937999999995,-122.178438,89,375,306,25,11.200000000000001,-8.1,-7.0,4.4,-51.1,-7.7,0.0,0.0,0,-2.720947265625,-0.0009403228759765625,54473,5901770132001900070FFFAFFFFBA0002CFE01FFB3000000000000000000A8EEFE13D4C9
15.94,100727.07,49.9,7,2,2025,6,57,32,47.614965999999995,-122.17845899999999,89,376,306,25,11.200000000000001,-8.1,-7.0,4.4,-51.1,-7.7,0.0,0.0,0,-2.720947265625,-0.0009403228759765625,12509,5901780132001900070FFFAFFFFBA0002CFE01FFB3000000000000000000A8EEFE1330DD
15.82,100727.84,49.83,7,2,2025,6,57,32,47.614965999999995,-122.17845899999999,89,377,306,25,11.200000000000001,-8.1,-7.0,4.4,-51.1,-2.4000000000000004,0.0,0.0,0,-2.720947265625,-0.0009403228759765625,18519,5901790132001900070FFFAFFFFBA0002CFE01FFE8000000000000000000A8EEFE134857
15.69,100727.73,49.84,7,2,2025,6,57,32,47.614965999999995,-122.17845899999999,89,378,306,25,11.200000000000001,-8.1,-7.0,4.4,-51.1,-2.4000000000000004,0.0,0.0,0,-2.720947265625,-0.0009403228759765625,6160,59017A0132001900070FFFAFFFFBA0002CFE01FFE8000000000000000000A8EEFE131810
15.56,100728.18,49.8,7,2,2025,6,57,35,47.614965999999995,-122.17845899999999,89,379,306,25,11.200000000000001,-8.1,-7.0,4.4,-51.1,-5.9,0.0,0.0,0,-2.720947265625,-0.0009403228759765625,7330,59017B0132001900070FFFAFFFFBA0002CFE01FFC5000000000000000000A8EEFE131CA2
15.43,100728.5,49.78,7,2,2025,6,57,36,47.614965999999995,-122.17845899999999,89,380,306,25,11.200000000000001,-8.1,-7.0,4.4,-51.1,-5.1000000000000005,0.0,0.0,0,-2.720947265625,-0.0009403228759765625,55774,59017C0132001900070FFFAFFFFBA0002CFE01FFCD000000000000000000A8EEFE13D9DE